Date,Close
1980-01-02,14.34000015258789
1980-01-03,14.270000457763672
1980-01-04,14.449999809265137
1980-01-07,14.489999771118164
1980-01-08,14.779999732971191
1980-01-09,14.800000190734863
1980-01-10,14.90999984741211
1980-01-11,14.90999984741211
1980-01-14,14.979999542236328
1980-01-15,15.079999923706055
1980-01-16,15.069999694824219
1980-01-17,15.020000457763672
1980-01-18,15.069999694824219
1980-01-21,15.210000038146973
1980-01-22,15.140000343322754
1980-01-23,15.399999618530273
1980-01-24,15.430000305175781
1980-01-25,15.420000076293945
1980-01-28,15.600000381469727
1980-01-29,15.489999771118164
1980-01-30,15.649999618530273
1980-01-31,15.510000228881836
1980-02-01,15.649999618530273
1980-02-04,15.569999694824219
1980-02-05,15.619999885559082
1980-02-06,15.770000457763672
1980-02-07,15.850000381469727
1980-02-08,16.09000015258789
1980-02-11,15.979999542236328
1980-02-12,16.079999923706055
1980-02-13,16.15999984741211
1980-02-14,15.930000305175781
1980-02-15,15.760000228881836
1980-02-19,15.649999618530273
1980-02-20,15.90999984741211
1980-02-21,15.75
1980-02-22,15.710000038146973
1980-02-25,15.510000228881836
1980-02-26,15.600000381469727
1980-02-27,15.390000343322754
1980-02-28,15.380000114440918
1980-02-29,15.569999694824219
1980-03-03,15.40999984741211
1980-03-04,15.460000038146973
1980-03-05,15.239999771118164
1980-03-06,14.899999618530273
1980-03-07,14.670000076293945
1980-03-10,14.630000114440918
1980-03-11,14.800000190734863
1980-03-12,14.680000305175781
1980-03-13,14.510000228881836
1980-03-14,14.479999542236328
1980-03-17,14.050000190734863
1980-03-18,14.300000190734863
1980-03-19,14.329999923706055
1980-03-20,14.15999984741211
1980-03-21,14.0600004196167
1980-03-24,13.649999618530273
1980-03-25,13.640000343322754
1980-03-26,13.569999694824219
1980-03-27,13.6899995803833
1980-03-28,13.6899995803833
1980-03-31,13.880000114440918
1980-04-01,13.890000343322754
1980-04-02,13.960000038146973
1980-04-03,13.890000343322754
1980-04-07,13.619999885559082
1980-04-08,13.760000228881836
1980-04-09,14.020000457763672
1980-04-10,14.149999618530273
1980-04-11,14.109999656677246
1980-04-14,13.989999771118164
1980-04-15,13.970000267028809
1980-04-16,13.819999694824219
1980-04-17,13.75
1980-04-18,13.680000305175781
1980-04-21,13.59000015258789
1980-04-22,14.069999694824219
1980-04-23,14.119999885559082
1980-04-24,14.199999809265137
1980-04-25,14.3100004196167
1980-04-28,14.380000114440918
1980-04-29,14.420000076293945
1980-04-30,14.479999542236328
1980-05-01,14.369999885559082
1980-05-02,14.390000343322754
1980-05-05,14.520000457763672
1980-05-06,14.5
1980-05-07,14.640000343322754
1980-05-08,14.510000228881836
1980-05-09,14.329999923706055
1980-05-12,14.34000015258789
1980-05-13,14.550000190734863
1980-05-14,14.619999885559082
1980-05-15,14.640000343322754
1980-05-16,14.6899995803833
1980-05-19,14.739999771118164
1980-05-20,14.739999771118164
1980-05-21,14.760000228881836
1980-05-22,14.9399995803833
1980-05-23,15.180000305175781
1980-05-27,15.300000190734863
1980-05-28,15.390000343322754
1980-05-29,15.149999618530273
1980-05-30,15.279999732971191
1980-06-02,15.220000267028809
1980-06-03,15.220000267028809
1980-06-04,15.470000267028809
1980-06-05,15.5
1980-06-06,15.550000190734863
1980-06-09,15.630000114440918
1980-06-10,15.760000228881836
1980-06-11,15.949999809265137
1980-06-12,15.880000114440918
1980-06-13,15.920000076293945
1980-06-16,15.960000038146973
1980-06-17,15.949999809265137
1980-06-18,15.979999542236328
1980-06-19,15.770000457763672
1980-06-20,15.680000305175781
1980-06-23,15.75
1980-06-24,15.84000015258789
1980-06-25,16.049999237060547
1980-06-26,15.979999542236328
1980-06-27,15.789999961853027
1980-06-30,15.550000190734863
1980-07-01,15.649999618530273
1980-07-02,15.75
1980-07-03,15.989999771118164
1980-07-07,16.100000381469727
1980-07-08,16.040000915527344
1980-07-09,16.059999465942383
1980-07-10,15.90999984741211
1980-07-11,16.040000915527344
1980-07-14,16.34000015258789
1980-07-15,16.34000015258789
1980-07-16,16.290000915527344
1980-07-17,16.530000686645508
1980-07-18,16.610000610351562
1980-07-21,16.68000030517578
1980-07-22,16.6299991607666
1980-07-23,16.59000015258789
1980-07-24,16.56999969482422
1980-07-25,16.43000030517578
1980-07-28,16.530000686645508
1980-07-29,16.670000076293945
1980-07-30,16.649999618530273
1980-07-31,16.579999923706055
1980-08-01,16.510000228881836
1980-08-04,16.5
1980-08-05,16.469999313354492
1980-08-06,16.579999923706055
1980-08-07,16.84000015258789
1980-08-08,16.889999389648438
1980-08-11,17.059999465942383
1980-08-12,16.93000030517578
1980-08-13,16.860000610351562
1980-08-14,17.1299991607666
1980-08-15,17.190000534057617
1980-08-18,16.8799991607666
1980-08-19,16.780000686645508
1980-08-20,16.940000534057617
1980-08-21,17.170000076293945
1980-08-22,17.25
1980-08-25,17.25
1980-08-26,17.1200008392334
1980-08-27,16.940000534057617
1980-08-28,16.940000534057617
1980-08-29,16.790000915527344
1980-09-02,16.969999313354492
1980-09-03,17.299999237060547
1980-09-04,17.209999084472656
1980-09-05,17.1299991607666
1980-09-08,16.920000076293945
1980-09-09,17.030000686645508
1980-09-10,17.1299991607666
1980-09-11,17.25
1980-09-12,17.229999542236328
1980-09-15,17.25
1980-09-16,17.40999984741211
1980-09-17,17.700000762939453
1980-09-18,17.639999389648438
1980-09-19,17.75
1980-09-22,17.90999984741211
1980-09-23,17.780000686645508
1980-09-24,17.90999984741211
1980-09-25,17.690000534057617
1980-09-26,17.360000610351562
1980-09-29,16.979999542236328
1980-09-30,17.079999923706055
1980-10-01,17.31999969482422
1980-10-02,17.450000762939453
1980-10-03,17.6200008392334
1980-10-06,17.959999084472656
1980-10-07,17.860000610351562
1980-10-08,17.950000762939453
1980-10-09,17.860000610351562
1980-10-10,17.770000457763672
1980-10-13,18.010000228881836
1980-10-14,18.010000228881836
1980-10-15,18.239999771118164
1980-10-16,18.030000686645508
1980-10-17,17.940000534057617
1980-10-20,18.09000015258789
1980-10-21,17.989999771118164
1980-10-22,18.0
1980-10-23,17.670000076293945
1980-10-24,17.709999084472656
1980-10-27,17.450000762939453
1980-10-28,17.479999542236328
1980-10-29,17.459999084472656
1980-10-30,17.239999771118164
1980-10-31,17.420000076293945
1980-11-03,17.649999618530273
1980-11-05,17.989999771118164
1980-11-06,17.670000076293945
1980-11-07,17.709999084472656
1980-11-10,17.760000228881836
1980-11-11,18.0
1980-11-12,18.459999084472656
1980-11-13,18.719999313354492
1980-11-14,18.809999465942383
1980-11-17,18.899999618530273
1980-11-18,19.170000076293945
1980-11-19,19.09000015258789
1980-11-20,19.290000915527344
1980-11-21,19.1200008392334
1980-11-24,19.020000457763672
1980-11-25,19.15999984741211
1980-11-26,19.280000686645508
1980-11-28,19.329999923706055
1980-12-01,18.889999389648438
1980-12-02,18.860000610351562
1980-12-03,18.829999923706055
1980-12-04,18.799999237060547
1980-12-05,18.459999084472656
1980-12-08,18.0
1980-12-09,17.989999771118164
1980-12-10,17.68000030517578
1980-12-11,17.559999465942383
1980-12-12,17.81999969482422
1980-12-15,17.850000381469727
1980-12-16,18.020000457763672
1980-12-17,18.329999923706055
1980-12-18,18.34000015258789
1980-12-19,18.440000534057617
1980-12-22,18.719999313354492
1980-12-23,18.719999313354492
1980-12-24,18.739999771118164
1980-12-26,18.84000015258789
1980-12-29,18.6299991607666
1980-12-30,17.790000915527344
1980-12-31,17.84000015258789
1981-01-02,17.899999618530273
1981-01-05,18.139999389648438
1981-01-06,18.15999984741211
1981-01-07,17.760000228881836
1981-01-08,17.489999771118164
1981-01-09,17.549999237060547
1981-01-12,17.549999237060547
1981-01-13,17.520000457763672
1981-01-14,17.549999237060547
1981-01-15,17.649999618530273
1981-01-16,17.719999313354492
1981-01-19,17.670000076293945
1981-01-20,17.309999465942383
1981-01-21,17.280000686645508
1981-01-22,17.1299991607666
1981-01-23,17.1299991607666
1981-01-26,17.079999923706055
1981-01-27,17.260000228881836
1981-01-28,17.15999984741211
1981-01-29,17.139999389648438
1981-01-30,17.049999237060547
1981-02-02,16.729999542236328
1981-02-03,16.950000762939453
1981-02-04,16.969999313354492
1981-02-05,17.1200008392334
1981-02-06,17.260000228881836
1981-02-09,17.09000015258789
1981-02-10,17.09000015258789
1981-02-11,16.959999084472656
1981-02-12,16.860000610351562
1981-02-13,16.809999465942383
1981-02-17,16.920000076293945
1981-02-18,17.010000228881836
1981-02-19,16.770000457763672
1981-02-20,16.760000228881836
1981-02-23,16.889999389648438
1981-02-24,16.899999618530273
1981-02-25,17.049999237060547
1981-02-26,17.260000228881836
1981-02-27,17.40999984741211
1981-03-02,17.510000228881836
1981-03-03,17.329999923706055
1981-03-04,17.3700008392334
1981-03-05,17.25
1981-03-06,17.239999771118164
1981-03-09,17.40999984741211
1981-03-10,17.329999923706055
1981-03-11,17.260000228881836
1981-03-12,17.690000534057617
1981-03-13,17.670000076293945
1981-03-16,17.8799991607666
1981-03-17,17.780000686645508
1981-03-18,17.81999969482422
1981-03-19,17.719999313354492
1981-03-20,17.799999237060547
1981-03-23,18.010000228881836
1981-03-24,17.8799991607666
1981-03-25,18.200000762939453
1981-03-26,18.09000015258789
1981-03-27,17.700000762939453
1981-03-30,17.649999618530273
1981-03-31,17.8799991607666
1981-04-01,17.950000762939453
1981-04-02,17.920000076293945
1981-04-03,17.809999465942383
1981-04-06,17.610000610351562
1981-04-07,17.600000381469727
1981-04-08,17.600000381469727
1981-04-09,17.709999084472656
1981-04-10,17.690000534057617
1981-04-13,17.510000228881836
1981-04-14,17.450000762939453
1981-04-15,17.649999618530273
1981-04-16,17.709999084472656
1981-04-20,17.18000030517578
1981-04-21,17.649999618530273
1981-04-22,17.639999389648438
1981-04-23,17.6200008392334
1981-04-24,17.760000228881836
1981-04-27,17.829999923706055
1981-04-28,17.68000030517578
1981-04-29,17.520000457763672
1981-04-30,17.489999771118164
1981-05-01,17.479999542236328
1981-05-04,17.229999542236328
1981-05-05,17.190000534057617
1981-05-06,17.260000228881836
1981-05-07,17.389999389648438
1981-05-08,17.389999389648438
1981-05-11,17.149999618530273
1981-05-12,17.290000915527344
1981-05-13,17.270000457763672
1981-05-14,17.360000610351562
1981-05-15,17.479999542236328
1981-05-18,17.540000915527344
1981-05-19,17.479999542236328
1981-05-20,17.469999313354492
1981-05-21,17.440000534057617
1981-05-22,17.40999984741211
1981-05-26,17.610000610351562
1981-05-27,17.75
1981-05-28,17.709999084472656
1981-05-29,17.600000381469727
1981-06-01,17.579999923706055
1981-06-02,17.350000381469727
1981-06-03,17.360000610351562
1981-06-04,17.399999618530273
1981-06-05,17.559999465942383
1981-06-08,17.56999969482422
1981-06-09,17.549999237060547
1981-06-10,17.59000015258789
1981-06-11,17.780000686645508
1981-06-12,17.75
1981-06-15,17.770000457763672
1981-06-16,17.579999923706055
1981-06-17,17.729999542236328
1981-06-18,17.510000228881836
1981-06-19,17.59000015258789
1981-06-22,17.549999237060547
1981-06-23,17.729999542236328
1981-06-24,17.639999389648438
1981-06-25,17.670000076293945
1981-06-26,17.6200008392334
1981-06-29,17.540000915527344
1981-06-30,17.270000457763672
1981-07-01,17.09000015258789
1981-07-02,16.940000534057617
1981-07-06,16.770000457763672
1981-07-07,16.889999389648438
1981-07-08,16.899999618530273
1981-07-09,17.040000915527344
1981-07-10,17.040000915527344
1981-07-13,17.079999923706055
1981-07-14,17.079999923706055
1981-07-15,17.15999984741211
1981-07-16,17.170000076293945
1981-07-17,17.229999542236328
1981-07-20,16.959999084472656
1981-07-21,16.90999984741211
1981-07-22,16.75
1981-07-23,16.790000915527344
1981-07-24,16.940000534057617
1981-07-27,17.1299991607666
1981-07-28,17.030000686645508
1981-07-29,17.040000915527344
1981-07-30,17.149999618530273
1981-07-31,17.270000457763672
1981-08-03,17.239999771118164
1981-08-04,17.34000015258789
1981-08-05,17.540000915527344
1981-08-06,17.549999237060547
1981-08-07,17.450000762939453
1981-08-10,17.450000762939453
1981-08-11,17.739999771118164
1981-08-12,17.68000030517578
1981-08-13,17.700000762939453
1981-08-14,17.579999923706055
1981-08-17,17.420000076293945
1981-08-18,17.270000457763672
1981-08-19,17.31999969482422
1981-08-20,17.350000381469727
1981-08-21,17.149999618530273
1981-08-24,16.65999984741211
1981-08-25,16.6299991607666
1981-08-26,16.6200008392334
1981-08-27,16.420000076293945
1981-08-28,16.5
1981-08-31,16.329999923706055
1981-09-01,16.3700008392334
1981-09-02,16.43000030517578
1981-09-03,16.1299991607666
1981-09-04,15.979999542236328
1981-09-08,15.699999809265137
1981-09-09,15.770000457763672
1981-09-10,16.010000228881836
1981-09-11,16.209999084472656
1981-09-14,16.09000015258789
1981-09-15,15.979999542236328
1981-09-16,15.859999656677246
1981-09-17,15.619999885559082
1981-09-18,15.510000228881836
1981-09-21,15.640000343322754
1981-09-22,15.5600004196167
1981-09-23,15.430000305175781
1981-09-24,15.350000381469727
1981-09-25,15.050000190734863
1981-09-28,15.420000076293945
1981-09-29,15.479999542236328
1981-09-30,15.329999923706055
1981-10-01,15.449999809265137
1981-10-02,15.75
1981-10-05,15.779999732971191
1981-10-06,15.770000457763672
1981-10-07,16.020000457763672
1981-10-08,16.15999984741211
1981-10-09,16.040000915527344
1981-10-12,16.010000228881836
1981-10-13,15.949999809265137
1981-10-14,15.6899995803833
1981-10-15,15.800000190734863
1981-10-16,15.729999542236328
1981-10-19,15.710000038146973
1981-10-20,15.890000343322754
1981-10-21,15.869999885559082
1981-10-22,15.800000190734863
1981-10-23,15.670000076293945
1981-10-26,15.609999656677246
1981-10-27,15.760000228881836
1981-10-28,15.789999961853027
1981-10-29,15.739999771118164
1981-10-30,16.1299991607666
1981-11-02,16.440000534057617
1981-11-03,16.520000457763672
1981-11-04,16.530000686645508
1981-11-05,16.399999618530273
1981-11-06,16.290000915527344
1981-11-09,16.3700008392334
1981-11-10,16.299999237060547
1981-11-11,16.329999923706055
1981-11-12,16.360000610351562
1981-11-13,16.15999984741211
1981-11-16,15.979999542236328
1981-11-17,16.100000381469727
1981-11-18,16.0
1981-11-19,16.059999465942383
1981-11-20,16.190000534057617
1981-11-23,16.200000762939453
1981-11-24,16.459999084472656
1981-11-25,16.540000915527344
1981-11-27,16.68000030517578
1981-11-30,16.84000015258789
1981-12-01,16.81999969482422
1981-12-02,16.6299991607666
1981-12-03,16.690000534057617
1981-12-04,16.84000015258789
1981-12-07,16.700000762939453
1981-12-08,16.649999618530273
1981-12-09,16.75
1981-12-10,16.780000686645508
1981-12-11,16.670000076293945
1981-12-14,16.389999389648438
1981-12-15,16.43000030517578
1981-12-16,16.350000381469727
1981-12-17,16.440000534057617
1981-12-18,16.559999465942383
1981-12-21,16.479999542236328
1981-12-22,16.420000076293945
1981-12-23,16.34000015258789
1981-12-24,16.3700008392334
1981-12-28,16.34000015258789
1981-12-29,15.40999984741211
1981-12-30,15.489999771118164
1981-12-31,15.520000457763672
1982-01-04,15.550000190734863
1982-01-05,15.210000038146973
1982-01-06,15.100000381469727
1982-01-07,15.069999694824219
1982-01-08,15.149999618530273
1982-01-11,14.800000190734863
1982-01-12,14.739999771118164
1982-01-13,14.5600004196167
1982-01-14,14.640000343322754
1982-01-15,14.75
1982-01-18,14.859999656677246
1982-01-19,14.710000038146973
1982-01-20,14.619999885559082
1982-01-21,14.680000305175781
1982-01-22,14.640000343322754
1982-01-25,14.640000343322754
1982-01-26,14.619999885559082
1982-01-27,14.6899995803833
1982-01-28,15.100000381469727
1982-01-29,15.289999961853027
1982-02-01,14.979999542236328
1982-02-02,15.020000457763672
1982-02-03,14.84000015258789
1982-02-04,14.850000381469727
1982-02-05,14.970000267028809
1982-02-08,14.640000343322754
1982-02-09,14.520000457763672
1982-02-10,14.640000343322754
1982-02-11,14.619999885559082
1982-02-12,14.609999656677246
1982-02-16,14.579999923706055
1982-02-17,14.539999961853027
1982-02-18,14.5600004196167
1982-02-19,14.489999771118164
1982-02-22,14.3100004196167
1982-02-23,14.300000190734863
1982-02-24,14.550000190734863
1982-02-25,14.520000457763672
1982-02-26,14.510000228881836
1982-03-01,14.539999961853027
1982-03-02,14.460000038146973
1982-03-03,14.239999771118164
1982-03-04,14.119999885559082
1982-03-05,14.050000190734863
1982-03-08,13.800000190734863
1982-03-09,14.010000228881836
1982-03-10,14.079999923706055
1982-03-11,14.079999923706055
1982-03-12,13.979999542236328
1982-03-15,14.09000015258789
1982-03-16,14.069999694824219
1982-03-17,14.050000190734863
1982-03-18,14.199999809265137
1982-03-19,14.239999771118164
1982-03-22,14.510000228881836
1982-03-23,14.609999656677246
1982-03-24,14.539999961853027
1982-03-25,14.569999694824219
1982-03-26,14.40999984741211
1982-03-29,14.449999809265137
1982-03-30,14.270000457763672
1982-03-31,14.229999542236328
1982-04-01,14.470000267028809
1982-04-02,14.640000343322754
1982-04-05,14.600000381469727
1982-04-06,14.680000305175781
1982-04-07,14.6899995803833
1982-04-08,14.789999961853027
1982-04-12,14.760000228881836
1982-04-13,14.760000228881836
1982-04-14,14.739999771118164
1982-04-15,14.800000190734863
1982-04-16,14.850000381469727
1982-04-19,14.850000381469727
1982-04-20,14.6899995803833
1982-04-21,14.720000267028809
1982-04-22,14.90999984741211
1982-04-23,15.09000015258789
1982-04-26,15.180000305175781
1982-04-27,15.020000457763672
1982-04-28,14.920000076293945
1982-04-29,14.779999732971191
1982-04-30,14.819999694824219
1982-05-03,14.880000114440918
1982-05-04,14.979999542236328
1982-05-05,15.010000228881836
1982-05-06,15.15999984741211
1982-05-07,15.270000457763672
1982-05-10,15.149999618530273
1982-05-11,15.279999732971191
1982-05-12,15.25
1982-05-13,15.130000114440918
1982-05-14,15.109999656677246
1982-05-17,14.949999809265137
1982-05-18,14.84000015258789
1982-05-19,14.729999542236328
1982-05-20,14.6899995803833
1982-05-21,14.729999542236328
1982-05-24,14.75
1982-05-25,14.710000038146973
1982-05-26,14.550000190734863
1982-05-27,14.489999771118164
1982-05-28,14.399999618530273
1982-06-01,14.380000114440918
1982-06-02,14.430000305175781
1982-06-03,14.430000305175781
1982-06-04,14.180000305175781
1982-06-07,14.1899995803833
1982-06-08,14.130000114440918
1982-06-09,14.0600004196167
1982-06-10,14.130000114440918
1982-06-11,14.350000381469727
1982-06-14,14.1899995803833
1982-06-15,14.15999984741211
1982-06-16,14.069999694824219
1982-06-17,13.899999618530273
1982-06-18,13.859999656677246
1982-06-21,13.84000015258789
1982-06-22,13.979999542236328
1982-06-23,14.220000267028809
1982-06-24,14.180000305175781
1982-06-25,14.09000015258789
1982-06-28,14.25
1982-06-29,14.0600004196167
1982-06-30,13.989999771118164
1982-07-01,13.880000114440918
1982-07-02,13.739999771118164
1982-07-06,13.699999809265137
1982-07-07,13.6899995803833
1982-07-08,13.729999542236328
1982-07-09,13.890000343322754
1982-07-12,13.979999542236328
1982-07-13,13.970000267028809
1982-07-14,14.100000381469727
1982-07-15,14.100000381469727
1982-07-16,14.180000305175781
1982-07-19,14.130000114440918
1982-07-20,14.239999771118164
1982-07-21,14.220000267028809
1982-07-22,14.229999542236328
1982-07-23,14.1899995803833
1982-07-26,14.09000015258789
1982-07-27,13.979999542236328
1982-07-28,13.770000457763672
1982-07-29,13.760000228881836
1982-07-30,13.680000305175781
1982-08-02,13.949999809265137
1982-08-03,13.8100004196167
1982-08-04,13.600000381469727
1982-08-05,13.489999771118164
1982-08-06,13.329999923706055
1982-08-09,13.239999771118164
1982-08-10,13.220000267028809
1982-08-11,13.1899995803833
1982-08-12,13.15999984741211
1982-08-13,13.350000381469727
1982-08-16,13.380000114440918
1982-08-17,14.010000228881836
1982-08-18,13.9399995803833
1982-08-19,14.029999732971191
1982-08-20,14.520000457763672
1982-08-23,14.90999984741211
1982-08-24,14.819999694824219
1982-08-25,15.119999885559082
1982-08-26,15.25
1982-08-27,15.069999694824219
1982-08-30,15.140000343322754
1982-08-31,15.380000114440918
1982-09-01,15.220000267028809
1982-09-02,15.479999542236328
1982-09-03,15.800000190734863
1982-09-07,15.640000343322754
1982-09-08,15.739999771118164
1982-09-09,15.720000267028809
1982-09-10,15.600000381469727
1982-09-13,15.770000457763672
1982-09-14,15.880000114440918
1982-09-15,16.030000686645508
1982-09-16,15.960000038146973
1982-09-17,15.8100004196167
1982-09-20,15.800000190734863
1982-09-21,16.110000610351562
1982-09-22,15.989999771118164
1982-09-23,15.970000267028809
1982-09-24,15.90999984741211
1982-09-27,15.949999809265137
1982-09-28,15.720000267028809
1982-09-29,15.520000457763672
1982-09-30,15.359999656677246
1982-10-01,15.5600004196167
1982-10-04,15.510000228881836
1982-10-05,15.569999694824219
1982-10-06,16.079999923706055
1982-10-07,16.43000030517578
1982-10-08,16.719999313354492
1982-10-11,17.139999389648438
1982-10-12,17.139999389648438
1982-10-13,17.43000030517578
1982-10-14,17.149999618530273
1982-10-15,17.020000457763672
1982-10-18,17.43000030517578
1982-10-19,17.40999984741211
1982-10-20,17.75
1982-10-21,17.719999313354492
1982-10-22,17.690000534057617
1982-10-25,16.989999771118164
1982-10-26,17.139999389648438
1982-10-27,17.239999771118164
1982-10-28,17.030000686645508
1982-10-29,17.06999969482422
1982-11-01,17.299999237060547
1982-11-02,17.559999465942383
1982-11-03,18.229999542236328
1982-11-04,18.1299991607666
1982-11-05,18.1299991607666
1982-11-08,17.969999313354492
1982-11-09,18.290000915527344
1982-11-10,18.059999465942383
1982-11-11,18.1299991607666
1982-11-12,17.850000381469727
1982-11-15,17.540000915527344
1982-11-16,17.350000381469727
1982-11-17,17.670000076293945
1982-11-18,17.719999313354492
1982-11-19,17.559999465942383
1982-11-22,17.209999084472656
1982-11-23,17.059999465942383
1982-11-24,17.190000534057617
1982-11-26,17.31999969482422
1982-11-29,17.25
1982-11-30,17.790000915527344
1982-12-01,17.81999969482422
1982-12-02,17.829999923706055
1982-12-03,17.81999969482422
1982-12-06,18.209999084472656
1982-12-07,18.34000015258789
1982-12-08,18.219999313354492
1982-12-09,17.989999771118164
1982-12-10,17.950000762939453
1982-12-13,18.0
1982-12-14,17.68000030517578
1982-12-15,17.399999618530273
1982-12-16,17.420000076293945
1982-12-17,17.700000762939453
1982-12-20,17.56999969482422
1982-12-21,17.84000015258789
1982-12-22,17.8700008392334
1982-12-23,17.979999542236328
1982-12-27,18.290000915527344
1982-12-28,17.579999923706055
1982-12-29,17.639999389648438
1982-12-30,17.530000686645508
1982-12-31,17.559999465942383
1983-01-03,17.270000457763672
1983-01-04,17.639999389648438
1983-01-05,17.719999313354492
1983-01-06,18.1200008392334
1983-01-07,18.110000610351562
1983-01-10,18.309999465942383
1983-01-11,18.18000030517578
1983-01-12,18.299999237060547
1983-01-13,18.18000030517578
1983-01-14,18.290000915527344
1983-01-17,18.299999237060547
1983-01-18,18.270000457763672
1983-01-19,18.1299991607666
1983-01-20,18.260000228881836
1983-01-21,17.959999084472656
1983-01-24,17.479999542236328
1983-01-25,17.700000762939453
1983-01-26,17.670000076293945
1983-01-27,18.010000228881836
1983-01-28,18.049999237060547
1983-01-31,18.15999984741211
1983-02-01,17.8799991607666
1983-02-02,17.90999984741211
1983-02-03,18.049999237060547
1983-02-04,18.309999465942383
1983-02-07,18.40999984741211
1983-02-08,18.260000228881836
1983-02-09,18.18000030517578
1983-02-10,18.479999542236328
1983-02-11,18.5
1983-02-14,18.670000076293945
1983-02-15,18.59000015258789
1983-02-16,18.489999771118164
1983-02-17,18.489999771118164
1983-02-18,18.56999969482422
1983-02-22,18.270000457763672
1983-02-23,18.440000534057617
1983-02-24,18.799999237060547
1983-02-25,18.809999465942383
1983-02-28,18.610000610351562
1983-03-01,18.959999084472656
1983-03-02,19.149999618530273
1983-03-03,19.290000915527344
1983-03-04,19.31999969482422
1983-03-07,19.31999969482422
1983-03-08,19.030000686645508
1983-03-09,19.229999542236328
1983-03-10,19.100000381469727
1983-03-11,19.020000457763672
1983-03-14,18.979999542236328
1983-03-15,19.040000915527344
1983-03-16,18.850000381469727
1983-03-17,18.81999969482422
1983-03-18,18.860000610351562
1983-03-21,19.020000457763672
1983-03-22,18.959999084472656
1983-03-23,19.229999542236328
1983-03-24,19.299999237060547
1983-03-25,19.219999313354492
1983-03-28,19.1200008392334
1983-03-29,18.90999984741211
1983-03-30,19.139999389648438
1983-03-31,19.079999923706055
1983-04-04,19.09000015258789
1983-04-05,18.950000762939453
1983-04-06,18.850000381469727
1983-04-07,18.940000534057617
1983-04-08,19.079999923706055
1983-04-11,19.3700008392334
1983-04-12,19.450000762939453
1983-04-13,19.56999969482422
1983-04-14,19.739999771118164
1983-04-15,19.81999969482422
1983-04-18,19.940000534057617
1983-04-19,19.81999969482422
1983-04-20,20.059999465942383
1983-04-21,19.979999542236328
1983-04-22,20.020000457763672
1983-04-25,19.81999969482422
1983-04-26,20.200000762939453
1983-04-27,20.15999984741211
1983-04-28,20.350000381469727
1983-04-29,20.530000686645508
1983-05-02,20.25
1983-05-03,20.290000915527344
1983-05-04,20.420000076293945
1983-05-05,20.549999237060547
1983-05-06,20.780000686645508
1983-05-09,20.770000457763672
1983-05-10,20.790000915527344
1983-05-11,20.670000076293945
1983-05-12,20.56999969482422
1983-05-13,20.6200008392334
1983-05-16,20.43000030517578
1983-05-17,20.489999771118164
1983-05-18,20.43000030517578
1983-05-19,20.270000457763672
1983-05-20,20.290000915527344
1983-05-23,20.469999313354492
1983-05-24,20.729999542236328
1983-05-25,20.81999969482422
1983-05-26,20.719999313354492
1983-05-27,20.600000381469727
1983-05-31,20.350000381469727
1983-06-01,20.3700008392334
1983-06-02,20.540000915527344
1983-06-03,20.600000381469727
1983-06-06,20.65999984741211
1983-06-07,20.399999618530273
1983-06-08,20.229999542236328
1983-06-09,20.290000915527344
1983-06-10,20.399999618530273
1983-06-13,20.670000076293945
1983-06-14,20.760000228881836
1983-06-15,20.959999084472656
1983-06-16,21.219999313354492
1983-06-17,21.209999084472656
1983-06-20,21.200000762939453
1983-06-21,21.389999389648438
1983-06-22,21.440000534057617
1983-06-23,21.389999389648438
1983-06-24,21.389999389648438
1983-06-27,21.149999618530273
1983-06-28,20.6299991607666
1983-06-29,20.739999771118164
1983-06-30,20.93000030517578
1983-07-01,21.030000686645508
1983-07-05,20.75
1983-07-06,20.979999542236328
1983-07-07,20.8700008392334
1983-07-08,20.809999465942383
1983-07-11,20.93000030517578
1983-07-12,20.610000610351562
1983-07-13,20.610000610351562
1983-07-14,20.68000030517578
1983-07-15,20.459999084472656
1983-07-18,20.420000076293945
1983-07-19,20.530000686645508
1983-07-20,21.09000015258789
1983-07-21,21.059999465942383
1983-07-22,21.040000915527344
1983-07-25,21.1200008392334
1983-07-26,21.229999542236328
1983-07-27,20.8799991607666
1983-07-28,20.56999969482422
1983-07-29,20.25
1983-08-01,20.209999084472656
1983-08-02,20.209999084472656
1983-08-03,20.399999618530273
1983-08-04,20.15999984741211
1983-08-05,20.219999313354492
1983-08-08,19.90999984741211
1983-08-09,20.049999237060547
1983-08-10,20.219999313354492
1983-08-11,20.219999313354492
1983-08-12,20.299999237060547
1983-08-15,20.5
1983-08-16,20.469999313354492
1983-08-17,20.709999084472656
1983-08-18,20.489999771118164
1983-08-19,20.549999237060547
1983-08-22,20.600000381469727
1983-08-23,20.399999618530273
1983-08-24,20.209999084472656
1983-08-25,20.170000076293945
1983-08-26,20.329999923706055
1983-08-29,20.350000381469727
1983-08-30,20.399999618530273
1983-08-31,20.6200008392334
1983-09-01,20.600000381469727
1983-09-02,20.700000762939453
1983-09-06,21.06999969482422
1983-09-07,21.079999923706055
1983-09-08,21.049999237060547
1983-09-09,20.950000762939453
1983-09-12,20.770000457763672
1983-09-13,20.68000030517578
1983-09-14,20.75
1983-09-15,20.6200008392334
1983-09-16,20.860000610351562
1983-09-19,21.030000686645508
1983-09-20,21.239999771118164
1983-09-21,21.1299991607666
1983-09-22,21.299999237060547
1983-09-23,21.270000457763672
1983-09-26,21.3700008392334
1983-09-27,21.170000076293945
1983-09-28,20.93000030517578
1983-09-29,20.84000015258789
1983-09-30,20.700000762939453
1983-10-03,20.670000076293945
1983-10-04,20.729999542236328
1983-10-05,20.899999618530273
1983-10-06,21.209999084472656
1983-10-07,21.290000915527344
1983-10-10,21.520000457763672
1983-10-11,21.229999542236328
1983-10-12,21.149999618530273
1983-10-13,21.18000030517578
1983-10-14,21.170000076293945
1983-10-17,21.25
1983-10-18,20.920000076293945
1983-10-19,20.790000915527344
1983-10-20,20.81999969482422
1983-10-21,20.690000534057617
1983-10-24,20.700000762939453
1983-10-25,20.760000228881836
1983-10-26,20.6299991607666
1983-10-27,20.559999465942383
1983-10-28,20.3700008392334
1983-10-31,20.40999984741211
1983-11-01,20.43000030517578
1983-11-02,20.600000381469727
1983-11-03,20.440000534057617
1983-11-04,20.329999923706055
1983-11-07,20.270000457763672
1983-11-08,20.25
1983-11-09,20.520000457763672
1983-11-10,20.59000015258789
1983-11-11,20.81999969482422
1983-11-14,20.860000610351562
1983-11-15,20.709999084472656
1983-11-16,20.799999237060547
1983-11-17,20.809999465942383
1983-11-18,20.68000030517578
1983-11-21,20.799999237060547
1983-11-22,20.899999618530273
1983-11-23,20.920000076293945
1983-11-25,20.920000076293945
1983-11-28,20.8799991607666
1983-11-29,21.059999465942383
1983-11-30,20.8700008392334
1983-12-01,20.8799991607666
1983-12-02,20.760000228881836
1983-12-05,20.809999465942383
1983-12-06,20.770000457763672
1983-12-07,20.81999969482422
1983-12-08,20.729999542236328
1983-12-09,20.729999542236328
1983-12-12,20.799999237060547
1983-12-13,20.719999313354492
1983-12-14,20.520000457763672
1983-12-15,20.31999969482422
1983-12-16,20.399999618530273
1983-12-19,20.399999618530273
1983-12-20,20.360000610351562
1983-12-21,20.549999237060547
1983-12-22,20.520000457763672
1983-12-23,20.520000457763672
1983-12-27,20.709999084472656
1983-12-28,19.75
1983-12-29,19.690000534057617
1983-12-30,19.700000762939453
1984-01-03,19.610000610351562
1984-01-04,19.940000534057617
1984-01-05,20.18000030517578
1984-01-06,20.260000228881836
1984-01-09,20.200000762939453
1984-01-10,20.079999923706055
1984-01-11,20.06999969482422
1984-01-12,20.059999465942383
1984-01-13,19.969999313354492
1984-01-16,20.0
1984-01-17,20.079999923706055
1984-01-18,20.040000915527344
1984-01-19,19.979999542236328
1984-01-20,19.889999389648438
1984-01-23,19.729999542236328
1984-01-24,19.860000610351562
1984-01-25,19.729999542236328
1984-01-26,19.65999984741211
1984-01-27,19.639999389648438
1984-01-30,19.520000457763672
1984-01-31,19.600000381469727
1984-02-01,19.520000457763672
1984-02-02,19.600000381469727
1984-02-03,19.309999465942383
1984-02-06,19.0
1984-02-07,19.09000015258789
1984-02-08,18.75
1984-02-09,18.700000762939453
1984-02-10,18.81999969482422
1984-02-13,18.639999389648438
1984-02-14,18.860000610351562
1984-02-15,18.81999969482422
1984-02-16,18.799999237060547
1984-02-17,18.760000228881836
1984-02-21,18.6299991607666
1984-02-22,18.59000015258789
1984-02-23,18.59000015258789
1984-02-24,18.989999771118164
1984-02-27,19.219999313354492
1984-02-28,18.920000076293945
1984-02-29,18.950000762939453
1984-03-01,19.09000015258789
1984-03-02,19.219999313354492
1984-03-05,19.059999465942383
1984-03-06,18.860000610351562
1984-03-07,18.670000076293945
1984-03-08,18.739999771118164
1984-03-09,18.649999618530273
1984-03-12,18.889999389648438
1984-03-13,18.940000534057617
1984-03-14,18.940000534057617
1984-03-15,19.020000457763672
1984-03-16,19.239999771118164
1984-03-19,19.06999969482422
1984-03-20,19.190000534057617
1984-03-21,19.170000076293945
1984-03-22,18.940000534057617
1984-03-23,18.959999084472656
1984-03-26,18.959999084472656
1984-03-27,19.040000915527344
1984-03-28,19.170000076293945
1984-03-29,19.1200008392334
1984-03-30,19.079999923706055
1984-04-02,18.940000534057617
1984-04-03,18.90999984741211
1984-04-04,18.899999618530273
1984-04-05,18.600000381469727
1984-04-06,18.65999984741211
1984-04-09,18.649999618530273
1984-04-10,18.700000762939453
1984-04-11,18.600000381469727
1984-04-12,18.93000030517578
1984-04-13,18.8799991607666
1984-04-16,19.0
1984-04-17,19.079999923706055
1984-04-18,18.950000762939453
1984-04-19,18.959999084472656
1984-04-23,18.81999969482422
1984-04-24,18.969999313354492
1984-04-25,19.040000915527344
1984-04-26,19.239999771118164
1984-04-27,19.190000534057617
1984-04-30,19.209999084472656
1984-05-01,19.420000076293945
1984-05-02,19.450000762939453
1984-05-03,19.3700008392334
1984-05-04,19.139999389648438
1984-05-07,19.190000534057617
1984-05-08,19.34000015258789
1984-05-09,19.290000915527344
1984-05-10,19.280000686645508
1984-05-11,19.110000610351562
1984-05-14,19.0
1984-05-15,19.059999465942383
1984-05-16,19.059999465942383
1984-05-17,18.889999389648438
1984-05-18,18.790000915527344
1984-05-21,18.68000030517578
1984-05-22,18.579999923706055
1984-05-23,18.489999771118164
1984-05-24,18.260000228881836
1984-05-25,18.31999969482422
1984-05-29,18.31999969482422
1984-05-30,18.15999984741211
1984-05-31,18.18000030517578
1984-06-01,18.520000457763672
1984-06-04,18.65999984741211
1984-06-05,18.579999923706055
1984-06-06,18.739999771118164
1984-06-07,18.729999542236328
1984-06-08,18.760000228881836
1984-06-11,18.520000457763672
1984-06-12,18.420000076293945
1984-06-13,18.420000076293945
1984-06-14,18.209999084472656
1984-06-15,18.040000915527344
1984-06-18,18.3700008392334
1984-06-19,18.479999542236328
1984-06-20,18.75
1984-06-21,18.709999084472656
1984-06-22,18.700000762939453
1984-06-25,18.670000076293945
1984-06-26,18.520000457763672
1984-06-27,18.389999389648438
1984-06-28,18.360000610351562
1984-06-29,18.399999618530273
1984-07-02,18.389999389648438
1984-07-03,18.459999084472656
1984-07-05,18.350000381469727
1984-07-06,18.290000915527344
1984-07-09,18.43000030517578
1984-07-10,18.3700008392334
1984-07-11,18.100000381469727
1984-07-12,18.030000686645508
1984-07-13,18.1299991607666
1984-07-16,18.219999313354492
1984-07-17,18.31999969482422
1984-07-18,18.200000762939453
1984-07-19,18.06999969482422
1984-07-20,17.979999542236328
1984-07-23,17.90999984741211
1984-07-24,17.770000457763672
1984-07-25,17.899999618530273
1984-07-26,18.049999237060547
1984-07-27,18.18000030517578
1984-07-30,18.06999969482422
1984-07-31,18.1299991607666
1984-08-01,18.540000915527344
1984-08-02,19.020000457763672
1984-08-03,19.540000915527344
1984-08-06,19.59000015258789
1984-08-07,19.610000610351562
1984-08-08,19.510000228881836
1984-08-09,19.969999313354492
1984-08-10,19.969999313354492
1984-08-13,19.969999313354492
1984-08-14,19.860000610351562
1984-08-15,19.65999984741211
1984-08-16,19.780000686645508
1984-08-17,19.81999969482422
1984-08-20,19.93000030517578
1984-08-21,20.280000686645508
1984-08-22,20.190000534057617
1984-08-23,20.190000534057617
1984-08-24,20.239999771118164
1984-08-27,20.1200008392334
1984-08-28,20.239999771118164
1984-08-29,20.209999084472656
1984-08-30,20.149999618530273
1984-08-31,20.15999984741211
1984-09-04,19.950000762939453
1984-09-05,19.8799991607666
1984-09-06,20.049999237060547
1984-09-07,19.899999618530273
1984-09-10,19.889999389648438
1984-09-11,19.920000076293945
1984-09-12,19.950000762939453
1984-09-13,20.34000015258789
1984-09-14,20.440000534057617
1984-09-17,20.450000762939453
1984-09-18,20.309999465942383
1984-09-19,20.219999313354492
1984-09-20,20.290000915527344
1984-09-21,20.06999969482422
1984-09-24,20.049999237060547
1984-09-25,20.100000381469727
1984-09-26,20.18000030517578
1984-09-27,20.260000228881836
1984-09-28,19.979999542236328
1984-10-01,19.799999237060547
1984-10-02,19.68000030517578
1984-10-03,19.549999237060547
1984-10-04,19.600000381469727
1984-10-05,19.56999969482422
1984-10-08,19.510000228881836
1984-10-09,19.459999084472656
1984-10-10,19.510000228881836
1984-10-11,19.59000015258789
1984-10-12,19.760000228881836
1984-10-15,19.950000762939453
1984-10-16,19.829999923706055
1984-10-17,19.75
1984-10-18,20.219999313354492
1984-10-19,20.219999313354492
1984-10-22,20.149999618530273
1984-10-23,20.1200008392334
1984-10-24,20.1299991607666
1984-10-25,20.1299991607666
1984-10-26,19.899999618530273
1984-10-29,19.850000381469727
1984-10-30,20.09000015258789
1984-10-31,20.030000686645508
1984-11-01,20.209999084472656
1984-11-02,20.229999542236328
1984-11-05,20.3700008392334
1984-11-06,20.59000015258789
1984-11-07,20.450000762939453
1984-11-08,20.399999618530273
1984-11-09,20.280000686645508
1984-11-12,20.229999542236328
1984-11-13,20.09000015258789
1984-11-14,20.079999923706055
1984-11-15,20.06999969482422
1984-11-16,19.8700008392334
1984-11-19,19.8700008392334
1984-11-20,19.8799991607666
1984-11-21,19.920000076293945
1984-11-23,20.209999084472656
1984-11-26,20.059999465942383
1984-11-27,20.149999618530273
1984-11-28,20.0
1984-11-29,19.8700008392334
1984-11-30,19.829999923706055
1984-12-03,19.75
1984-12-04,19.829999923706055
1984-12-05,19.670000076293945
1984-12-06,19.75
1984-12-07,19.700000762939453
1984-12-10,19.770000457763672
1984-12-11,19.809999465942383
1984-12-12,19.75
1984-12-13,19.649999618530273
1984-12-14,19.760000228881836
1984-12-17,19.8700008392334
1984-12-18,20.40999984741211
1984-12-19,20.299999237060547
1984-12-20,20.200000762939453
1984-12-21,20.110000610351562
1984-12-24,20.280000686645508
1984-12-26,20.239999771118164
1984-12-27,20.15999984741211
1984-12-28,19.40999984741211
1984-12-31,19.520000457763672
1985-01-02,19.309999465942383
1985-01-03,19.209999084472656
1985-01-04,19.110000610351562
1985-01-07,19.15999984741211
1985-01-08,19.1299991607666
1985-01-09,19.280000686645508
1985-01-10,19.649999618530273
1985-01-11,19.600000381469727
1985-01-14,19.899999618530273
1985-01-15,19.940000534057617
1985-01-16,19.989999771118164
1985-01-17,19.93000030517578
1985-01-18,20.0
1985-01-21,20.450000762939453
1985-01-22,20.489999771118164
1985-01-23,20.690000534057617
1985-01-24,20.6200008392334
1985-01-25,20.700000762939453
1985-01-28,20.709999084472656
1985-01-29,20.920000076293945
1985-01-30,20.950000762939453
1985-01-31,21.0
1985-02-01,20.8799991607666
1985-02-04,21.110000610351562
1985-02-05,21.139999389648438
1985-02-06,21.1299991607666
1985-02-07,21.299999237060547
1985-02-08,21.350000381469727
1985-02-11,21.15999984741211
1985-02-12,21.170000076293945
1985-02-13,21.5
1985-02-14,21.389999389648438
1985-02-15,21.299999237060547
1985-02-19,21.270000457763672
1985-02-20,21.260000228881836
1985-02-21,21.139999389648438
1985-02-22,21.049999237060547
1985-02-25,21.049999237060547
1985-02-26,21.280000686645508
1985-02-27,21.229999542236328
1985-02-28,21.290000915527344
1985-03-01,21.530000686645508
1985-03-04,21.399999618530273
1985-03-05,21.43000030517578
1985-03-06,21.239999771118164
1985-03-07,21.110000610351562
1985-03-08,21.06999969482422
1985-03-11,21.040000915527344
1985-03-12,21.149999618530273
1985-03-13,20.979999542236328
1985-03-14,20.940000534057617
1985-03-15,20.780000686645508
1985-03-18,20.829999923706055
1985-03-19,21.139999389648438
1985-03-20,21.09000015258789
1985-03-21,21.1200008392334
1985-03-22,21.079999923706055
1985-03-25,20.969999313354492
1985-03-26,21.030000686645508
1985-03-27,21.15999984741211
1985-03-28,20.979999542236328
1985-03-29,21.110000610351562
1985-04-01,21.190000534057617
1985-04-02,21.100000381469727
1985-04-03,20.940000534057617
1985-04-04,20.93000030517578
1985-04-08,20.81999969482422
1985-04-09,20.84000015258789
1985-04-10,20.989999771118164
1985-04-11,21.06999969482422
1985-04-12,21.110000610351562
1985-04-15,21.15999984741211
1985-04-16,21.200000762939453
1985-04-17,21.25
1985-04-18,21.15999984741211
1985-04-19,21.190000534057617
1985-04-22,21.139999389648438
1985-04-23,21.280000686645508
1985-04-24,21.31999969482422
1985-04-25,21.459999084472656
1985-04-26,21.31999969482422
1985-04-29,21.139999389648438
1985-04-30,21.049999237060547
1985-05-01,20.889999389648438
1985-05-02,20.969999313354492
1985-05-03,21.100000381469727
1985-05-06,21.110000610351562
1985-05-07,21.219999313354492
1985-05-08,21.200000762939453
1985-05-09,21.360000610351562
1985-05-10,21.639999389648438
1985-05-13,21.690000534057617
1985-05-14,21.600000381469727
1985-05-15,21.68000030517578
1985-05-16,21.81999969482422
1985-05-17,22.020000457763672
1985-05-20,22.299999237060547
1985-05-21,22.290000915527344
1985-05-22,22.170000076293945
1985-05-23,22.049999237060547
1985-05-24,22.149999618530273
1985-05-28,22.110000610351562
1985-05-29,22.09000015258789
1985-05-30,22.100000381469727
1985-05-31,22.31999969482422
1985-06-03,22.31999969482422
1985-06-04,22.389999389648438
1985-06-05,22.399999618530273
1985-06-06,22.510000228881836
1985-06-07,22.350000381469727
1985-06-10,22.34000015258789
1985-06-11,22.290000915527344
1985-06-12,22.1299991607666
1985-06-13,21.860000610351562
1985-06-14,22.06999969482422
1985-06-17,22.010000228881836
1985-06-18,22.100000381469727
1985-06-19,22.020000457763672
1985-06-20,22.030000686645508
1985-06-21,22.360000610351562
1985-06-24,22.329999923706055
1985-06-25,22.399999618530273
1985-06-26,22.440000534057617
1985-06-27,22.579999923706055
1985-06-28,22.459999084472656
1985-07-01,22.540000915527344
1985-07-02,22.489999771118164
1985-07-03,22.43000030517578
1985-07-05,22.559999465942383
1985-07-08,22.489999771118164
1985-07-09,22.389999389648438
1985-07-10,22.549999237060547
1985-07-11,22.610000610351562
1985-07-12,22.649999618530273
1985-07-15,22.59000015258789
1985-07-16,22.829999923706055
1985-07-17,22.940000534057617
1985-07-18,22.790000915527344
1985-07-19,22.8799991607666
1985-07-22,22.790000915527344
1985-07-23,22.579999923706055
1985-07-24,22.469999313354492
1985-07-25,22.530000686645508
1985-07-26,22.56999969482422
1985-07-29,22.25
1985-07-30,22.290000915527344
1985-07-31,22.40999984741211
1985-08-01,22.549999237060547
1985-08-02,22.479999542236328
1985-08-05,22.399999618530273
1985-08-06,22.079999923706055
1985-08-07,22.06999969482422
1985-08-08,22.229999542236328
1985-08-09,22.15999984741211
1985-08-12,22.09000015258789
1985-08-13,22.059999465942383
1985-08-14,22.079999923706055
1985-08-15,22.059999465942383
1985-08-16,21.90999984741211
1985-08-19,21.969999313354492
1985-08-20,22.170000076293945
1985-08-21,22.290000915527344
1985-08-22,22.09000015258789
1985-08-23,22.059999465942383
1985-08-26,22.09000015258789
1985-08-27,22.190000534057617
1985-08-28,22.270000457763672
1985-08-29,22.290000915527344
1985-08-30,22.260000228881836
1985-09-03,22.18000030517578
1985-09-04,22.1200008392334
1985-09-05,22.110000610351562
1985-09-06,22.219999313354492
1985-09-09,22.229999542236328
1985-09-10,22.079999923706055
1985-09-11,21.8700008392334
1985-09-12,21.709999084472656
1985-09-13,21.6200008392334
1985-09-16,21.610000610351562
1985-09-17,21.440000534057617
1985-09-18,21.479999542236328
1985-09-19,21.68000030517578
1985-09-20,21.530000686645508
1985-09-23,21.790000915527344
1985-09-24,21.6200008392334
1985-09-25,21.3799991607666
1985-09-26,21.459999084472656
1985-09-30,21.3799991607666
1985-10-01,21.739999771118164
1985-10-02,21.610000610351562
1985-10-03,21.649999618530273
1985-10-04,21.530000686645508
1985-10-07,21.3700008392334
1985-10-08,21.3700008392334
1985-10-09,21.450000762939453
1985-10-10,21.469999313354492
1985-10-11,21.649999618530273
1985-10-14,21.889999389648438
1985-10-15,21.850000381469727
1985-10-16,22.079999923706055
1985-10-17,22.040000915527344
1985-10-18,21.969999313354492
1985-10-21,21.959999084472656
1985-10-22,22.09000015258789
1985-10-23,22.209999084472656
1985-10-24,22.139999389648438
1985-10-25,22.030000686645508
1985-10-28,22.06999969482422
1985-10-29,22.25
1985-10-30,22.350000381469727
1985-10-31,22.31999969482422
1985-11-01,22.520000457763672
1985-11-04,22.5
1985-11-05,22.649999618530273
1985-11-06,22.709999084472656
1985-11-07,22.700000762939453
1985-11-08,22.84000015258789
1985-11-11,23.260000228881836
1985-11-12,23.350000381469727
1985-11-13,23.239999771118164
1985-11-14,23.469999313354492
1985-11-15,23.360000610351562
1985-11-18,23.440000534057617
1985-11-19,23.440000534057617
1985-11-20,23.469999313354492
1985-11-21,23.760000228881836
1985-11-22,23.780000686645508
1985-11-25,23.649999618530273
1985-11-26,23.690000534057617
1985-11-27,23.90999984741211
1985-11-29,23.8700008392334
1985-12-02,23.68000030517578
1985-12-03,23.719999313354492
1985-12-04,24.1200008392334
1985-12-05,24.079999923706055
1985-12-06,23.969999313354492
1985-12-09,24.1200008392334
1985-12-10,24.139999389648438
1985-12-11,24.360000610351562
1985-12-12,24.40999984741211
1985-12-13,24.790000915527344
1985-12-16,25.040000915527344
1985-12-17,24.8799991607666
1985-12-18,24.780000686645508
1985-12-19,24.809999465942383
1985-12-20,24.90999984741211
1985-12-23,24.639999389648438
1985-12-24,24.489999771118164
1985-12-26,24.549999237060547
1985-12-27,22.809999465942383
1985-12-30,22.93000030517578
1985-12-31,22.989999771118164
1986-01-02,22.799999237060547
1986-01-03,22.950000762939453
1986-01-06,22.940000534057617
1986-01-07,23.280000686645508
1986-01-08,22.639999389648438
1986-01-09,22.440000534057617
1986-01-10,22.43000030517578
1986-01-13,22.510000228881836
1986-01-14,22.510000228881836
1986-01-15,22.690000534057617
1986-01-16,22.790000915527344
1986-01-17,22.709999084472656
1986-01-20,22.610000610351562
1986-01-21,22.420000076293945
1986-01-22,22.170000076293945
1986-01-23,22.25
1986-01-24,22.489999771118164
1986-01-27,22.600000381469727
1986-01-28,22.860000610351562
1986-01-29,22.920000076293945
1986-01-30,22.81999969482422
1986-01-31,23.09000015258789
1986-02-03,23.329999923706055
1986-02-04,23.239999771118164
1986-02-05,23.25
1986-02-06,23.299999237060547
1986-02-07,23.299999237060547
1986-02-10,23.6299991607666
1986-02-11,23.600000381469727
1986-02-12,23.610000610351562
1986-02-13,23.770000457763672
1986-02-14,24.030000686645508
1986-02-18,24.329999923706055
1986-02-19,24.030000686645508
1986-02-20,24.299999237060547
1986-02-21,24.56999969482422
1986-02-24,24.56999969482422
1986-02-25,24.489999771118164
1986-02-26,24.520000457763672
1986-02-27,24.81999969482422
1986-02-28,24.84000015258789
1986-03-03,24.68000030517578
1986-03-04,24.56999969482422
1986-03-05,24.56999969482422
1986-03-06,24.56999969482422
1986-03-07,24.700000762939453
1986-03-10,24.81999969482422
1986-03-11,25.3799991607666
1986-03-12,25.469999313354492
1986-03-13,25.540000915527344
1986-03-14,25.90999984741211
1986-03-17,25.709999084472656
1986-03-18,25.829999923706055
1986-03-19,25.809999465942383
1986-03-20,25.90999984741211
1986-03-21,25.56999969482422
1986-03-24,25.799999237060547
1986-03-25,25.729999542236328
1986-03-26,26.020000457763672
1986-03-27,26.020000457763672
1986-03-31,26.020000457763672
1986-04-01,25.610000610351562
1986-04-02,25.68000030517578
1986-04-03,25.329999923706055
1986-04-04,24.920000076293945
1986-04-07,24.90999984741211
1986-04-08,25.440000534057617
1986-04-09,25.459999084472656
1986-04-10,25.760000228881836
1986-04-11,25.709999084472656
1986-04-14,25.850000381469727
1986-04-15,25.899999618530273
1986-04-16,26.389999389648438
1986-04-17,26.479999542236328
1986-04-18,26.40999984741211
1986-04-21,26.670000076293945
1986-04-22,26.40999984741211
1986-04-23,26.34000015258789
1986-04-24,26.3700008392334
1986-04-25,26.399999618530273
1986-04-28,26.489999771118164
1986-04-29,26.209999084472656
1986-04-30,25.670000076293945
1986-05-01,25.639999389648438
1986-05-02,25.600000381469727
1986-05-05,25.93000030517578
1986-05-06,25.8799991607666
1986-05-07,25.770000457763672
1986-05-08,25.889999389648438
1986-05-09,25.979999542236328
1986-05-12,25.959999084472656
1986-05-13,25.84000015258789
1986-05-14,25.959999084472656
1986-05-15,25.6200008392334
1986-05-16,25.450000762939453
1986-05-19,25.5
1986-05-20,25.81999969482422
1986-05-21,25.760000228881836
1986-05-22,26.270000457763672
1986-05-23,26.399999618530273
1986-05-27,26.780000686645508
1986-05-28,26.989999771118164
1986-05-29,27.1299991607666
1986-05-30,27.06999969482422
1986-06-02,26.829999923706055
1986-06-03,26.889999389648438
1986-06-04,26.719999313354492
1986-06-05,26.899999618530273
1986-06-06,26.90999984741211
1986-06-09,26.299999237060547
1986-06-10,26.270000457763672
1986-06-11,26.440000534057617
1986-06-12,26.479999542236328
1986-06-13,26.93000030517578
1986-06-16,26.969999313354492
1986-06-17,26.780000686645508
1986-06-18,26.850000381469727
1986-06-19,26.75
1986-06-20,27.1299991607666
1986-06-23,26.8799991607666
1986-06-24,27.09000015258789
1986-06-25,27.299999237060547
1986-06-26,27.280000686645508
1986-06-27,27.200000762939453
1986-06-30,27.34000015258789
1986-07-01,27.469999313354492
1986-07-02,27.549999237060547
1986-07-03,27.450000762939453
1986-07-07,26.610000610351562
1986-07-08,26.34000015258789
1986-07-09,26.479999542236328
1986-07-10,26.489999771118164
1986-07-11,26.40999984741211
1986-07-14,25.959999084472656
1986-07-15,25.469999313354492
1986-07-16,25.6200008392334
1986-07-17,25.739999771118164
1986-07-18,25.770000457763672
1986-07-21,25.760000228881836
1986-07-22,25.969999313354492
1986-07-23,26.030000686645508
1986-07-24,25.940000534057617
1986-07-25,26.190000534057617
1986-07-28,25.739999771118164
1986-07-29,25.59000015258789
1986-07-30,25.81999969482422
1986-07-31,25.770000457763672
1986-08-01,25.639999389648438
1986-08-04,25.770000457763672
1986-08-05,25.889999389648438
1986-08-06,25.8700008392334
1986-08-07,25.90999984741211
1986-08-08,25.899999618530273
1986-08-11,26.31999969482422
1986-08-12,26.6200008392334
1986-08-13,26.8700008392334
1986-08-14,26.93000030517578
1986-08-15,27.030000686645508
1986-08-18,27.06999969482422
1986-08-19,26.979999542236328
1986-08-20,27.329999923706055
1986-08-21,27.31999969482422
1986-08-22,27.3700008392334
1986-08-25,27.1200008392334
1986-08-26,27.670000076293945
1986-08-27,27.729999542236328
1986-08-28,27.68000030517578
1986-08-29,27.690000534057617
1986-09-02,27.209999084472656
1986-09-03,27.3799991607666
1986-09-04,27.799999237060547
1986-09-05,27.43000030517578
1986-09-08,27.18000030517578
1986-09-09,27.139999389648438
1986-09-10,27.06999969482422
1986-09-11,25.770000457763672
1986-09-12,25.280000686645508
1986-09-15,25.420000076293945
1986-09-16,25.40999984741211
1986-09-17,25.40999984741211
1986-09-18,25.469999313354492
1986-09-19,25.459999084472656
1986-09-22,25.760000228881836
1986-09-23,25.84000015258789
1986-09-24,25.93000030517578
1986-09-25,25.440000534057617
1986-09-26,25.479999542236328
1986-09-29,25.229999542236328
1986-09-30,25.209999084472656
1986-10-01,25.459999084472656
1986-10-02,25.5
1986-10-03,25.469999313354492
1986-10-06,25.600000381469727
1986-10-07,25.559999465942383
1986-10-08,25.809999465942383
1986-10-09,25.709999084472656
1986-10-10,25.68000030517578
1986-10-13,25.719999313354492
1986-10-14,25.65999984741211
1986-10-15,26.040000915527344
1986-10-16,26.1200008392334
1986-10-17,26.040000915527344
1986-10-20,25.729999542236328
1986-10-21,25.719999313354492
1986-10-22,25.760000228881836
1986-10-23,26.100000381469727
1986-10-24,25.979999542236328
1986-10-27,26.049999237060547
1986-10-28,26.110000610351562
1986-10-29,26.290000915527344
1986-10-30,26.600000381469727
1986-10-31,26.6299991607666
1986-11-03,26.84000015258789
1986-11-04,26.889999389648438
1986-11-05,26.959999084472656
1986-11-06,26.889999389648438
1986-11-07,26.889999389648438
1986-11-10,26.940000534057617
1986-11-11,27.040000915527344
1986-11-12,26.989999771118164
1986-11-13,26.600000381469727
1986-11-14,26.770000457763672
1986-11-17,26.639999389648438
1986-11-18,25.940000534057617
1986-11-19,26.030000686645508
1986-11-20,26.510000228881836
1986-11-21,26.93000030517578
1986-11-24,27.1200008392334
1986-11-25,27.190000534057617
1986-11-26,27.260000228881836
1986-11-28,27.309999465942383
1986-12-01,27.299999237060547
1986-12-02,27.850000381469727
1986-12-03,27.829999923706055
1986-12-04,27.75
1986-12-05,27.540000915527344
1986-12-08,27.549999237060547
1986-12-09,25.6299991607666
1986-12-10,25.799999237060547
1986-12-11,25.520000457763672
1986-12-12,25.43000030517578
1986-12-15,25.520000457763672
1986-12-16,25.709999084472656
1986-12-17,25.459999084472656
1986-12-18,25.3799991607666
1986-12-19,25.68000030517578
1986-12-22,25.579999923706055
1986-12-23,25.329999923706055
1986-12-24,25.389999389648438
1986-12-26,25.40999984741211
1986-12-29,25.18000030517578
1986-12-30,24.399999618530273
1986-12-31,24.270000457763672
1987-01-02,24.709999084472656
1987-01-05,25.290000915527344
1987-01-06,25.350000381469727
1987-01-07,25.600000381469727
1987-01-08,25.790000915527344
1987-01-09,25.940000534057617
1987-01-12,26.100000381469727
1987-01-13,26.059999465942383
1987-01-14,26.329999923706055
1987-01-15,26.610000610351562
1987-01-16,26.690000534057617
1987-01-19,27.0
1987-01-20,26.969999313354492
1987-01-21,26.850000381469727
1987-01-22,27.459999084472656
1987-01-23,27.09000015258789
1987-01-26,27.040000915527344
1987-01-27,27.459999084472656
1987-01-28,27.6200008392334
1987-01-29,27.510000228881836
1987-01-30,27.489999771118164
1987-02-02,27.729999542236328
1987-02-03,27.700000762939453
1987-02-04,28.06999969482422
1987-02-05,28.239999771118164
1987-02-06,28.1299991607666
1987-02-09,27.959999084472656
1987-02-10,27.649999618530273
1987-02-11,27.899999618530273
1987-02-12,27.709999084472656
1987-02-13,28.1200008392334
1987-02-17,28.700000762939453
1987-02-18,28.700000762939453
1987-02-19,28.709999084472656
1987-02-20,28.700000762939453
1987-02-23,28.40999984741211
1987-02-24,28.459999084472656
1987-02-25,28.56999969482422
1987-02-26,28.469999313354492
1987-02-27,28.579999923706055
1987-03-02,28.479999542236328
1987-03-03,28.600000381469727
1987-03-04,29.049999237060547
1987-03-05,29.239999771118164
1987-03-06,29.25
1987-03-09,29.020000457763672
1987-03-10,29.280000686645508
1987-03-11,29.229999542236328
1987-03-12,29.31999969482422
1987-03-13,29.190000534057617
1987-03-16,29.020000457763672
1987-03-17,29.450000762939453
1987-03-18,29.479999542236328
1987-03-19,29.6200008392334
1987-03-20,30.020000457763672
1987-03-23,30.329999923706055
1987-03-24,30.3799991607666
1987-03-25,30.270000457763672
1987-03-26,30.31999969482422
1987-03-27,29.65999984741211
1987-03-30,28.969999313354492
1987-03-31,29.219999313354492
1987-04-01,29.290000915527344
1987-04-02,29.420000076293945
1987-04-03,30.09000015258789
1987-04-06,30.260000228881836
1987-04-07,29.729999542236328
1987-04-08,29.790000915527344
1987-04-09,29.350000381469727
1987-04-10,29.31999969482422
1987-04-13,28.6299991607666
1987-04-14,27.989999771118164
1987-04-15,28.510000228881836
1987-04-16,28.760000228881836
1987-04-20,28.68000030517578
1987-04-21,28.68000030517578
1987-04-22,28.799999237060547
1987-04-23,28.760000228881836
1987-04-24,28.229999542236328
1987-04-27,28.270000457763672
1987-04-28,28.34000015258789
1987-04-29,28.549999237060547
1987-04-30,28.93000030517578
1987-05-01,28.899999618530273
1987-05-04,29.040000915527344
1987-05-05,29.649999618530273
1987-05-06,29.670000076293945
1987-05-07,29.6200008392334
1987-05-08,29.489999771118164
1987-05-11,29.31999969482422
1987-05-12,29.489999771118164
1987-05-13,29.559999465942383
1987-05-14,29.59000015258789
1987-05-15,28.90999984741211
1987-05-18,28.829999923706055
1987-05-19,28.139999389648438
1987-05-20,28.0
1987-05-21,28.200000762939453
1987-05-22,28.40999984741211
1987-05-26,29.1200008392334
1987-05-27,29.09000015258789
1987-05-28,29.290000915527344
1987-05-29,29.229999542236328
1987-06-01,29.209999084472656
1987-06-02,29.06999969482422
1987-06-03,29.579999923706055
1987-06-04,29.75
1987-06-05,29.579999923706055
1987-06-08,29.920000076293945
1987-06-09,29.989999771118164
1987-06-10,30.010000228881836
1987-06-11,30.139999389648438
1987-06-12,30.43000030517578
1987-06-15,30.579999923706055
1987-06-16,30.75
1987-06-17,30.760000228881836
1987-06-18,30.850000381469727
1987-06-19,30.979999542236328
1987-06-22,31.25
1987-06-23,31.1200008392334
1987-06-24,30.979999542236328
1987-06-25,31.190000534057617
1987-06-26,31.010000228881836
1987-06-29,30.90999984741211
1987-06-30,30.520000457763672
1987-07-01,30.40999984741211
1987-07-02,30.690000534057617
1987-07-06,30.6200008392334
1987-07-07,30.8700008392334
1987-07-08,30.959999084472656
1987-07-09,30.8799991607666
1987-07-10,30.969999313354492
1987-07-13,30.889999389648438
1987-07-14,31.200000762939453
1987-07-15,31.170000076293945
1987-07-16,31.399999618530273
1987-07-17,31.59000015258789
1987-07-20,31.280000686645508
1987-07-21,30.989999771118164
1987-07-22,30.979999542236328
1987-07-23,30.920000076293945
1987-07-24,31.059999465942383
1987-07-27,31.200000762939453
1987-07-28,31.3799991607666
1987-07-29,31.719999313354492
1987-07-30,31.959999084472656
1987-07-31,32.02000045776367
1987-08-03,31.920000076293945
1987-08-04,31.799999237060547
1987-08-05,32.02000045776367
1987-08-06,32.400001525878906
1987-08-07,32.5099983215332
1987-08-10,33.02000045776367
1987-08-11,33.560001373291016
1987-08-12,33.459999084472656
1987-08-13,33.689998626708984
1987-08-14,33.630001068115234
1987-08-17,33.650001525878906
1987-08-18,33.15999984741211
1987-08-19,33.220001220703125
1987-08-20,33.72999954223633
1987-08-21,33.83000183105469
1987-08-24,33.83000183105469
1987-08-25,33.93000030517578
1987-08-26,33.709999084472656
1987-08-27,33.38999938964844
1987-08-28,32.959999084472656
1987-08-31,33.25
1987-09-01,32.599998474121094
1987-09-02,32.43000030517578
1987-09-03,32.279998779296875
1987-09-04,31.93000030517578
1987-09-08,31.610000610351562
1987-09-09,31.65999984741211
1987-09-10,31.979999542236328
1987-09-11,32.470001220703125
1987-09-14,32.58000183105469
1987-09-15,32.04999923706055
1987-09-16,31.760000228881836
1987-09-17,31.770000457763672
1987-09-18,31.760000228881836
1987-09-21,31.329999923706055
1987-09-22,32.22999954223633
1987-09-23,32.400001525878906
1987-09-24,32.27000045776367
1987-09-25,32.31999969482422
1987-09-28,32.630001068115234
1987-09-29,32.29999923706055
1987-09-30,32.310001373291016
1987-10-01,32.869998931884766
1987-10-02,32.939998626708984
1987-10-05,32.95000076293945
1987-10-06,32.06999969482422
1987-10-07,32.0
1987-10-08,31.559999465942383
1987-10-09,31.270000457763672
1987-10-12,31.06999969482422
1987-10-13,31.59000015258789
1987-10-14,30.65999984741211
1987-10-15,29.940000534057617
1987-10-16,28.389999389648438
1987-10-19,22.579999923706055
1987-10-20,23.780000686645508
1987-10-21,25.940000534057617
1987-10-22,24.93000030517578
1987-10-23,24.93000030517578
1987-10-26,22.8700008392334
1987-10-27,23.43000030517578
1987-10-28,23.43000030517578
1987-10-29,24.579999923706055
1987-10-30,25.290000915527344
1987-11-02,25.700000762939453
1987-11-03,25.209999084472656
1987-11-04,25.030000686645508
1987-11-05,25.6200008392334
1987-11-06,25.209999084472656
1987-11-09,24.489999771118164
1987-11-10,24.06999969482422
1987-11-11,24.360000610351562
1987-11-12,25.030000686645508
1987-11-13,24.739999771118164
1987-11-16,24.860000610351562
1987-11-17,24.489999771118164
1987-11-18,24.75
1987-11-19,24.190000534057617
1987-11-20,24.399999618530273
1987-11-23,24.489999771118164
1987-11-24,24.84000015258789
1987-11-25,24.610000610351562
1987-11-27,24.610000610351562
1987-11-30,23.219999313354492
1987-12-01,23.40999984741211
1987-12-02,23.549999237060547
1987-12-03,22.719999313354492
1987-12-04,22.59000015258789
1987-12-07,23.079999923706055
1987-12-08,23.700000762939453
1987-12-09,24.110000610351562
1987-12-10,23.579999923706055
1987-12-11,23.75
1987-12-14,24.450000762939453
1987-12-15,24.510000228881836
1987-12-16,25.040000915527344
1987-12-17,24.530000686645508
1987-12-18,25.15999984741211
1987-12-21,25.200000762939453
1987-12-22,25.239999771118164
1987-12-23,25.56999969482422
1987-12-24,25.469999313354492
1987-12-28,24.81999969482422
1987-12-29,24.399999618530273
1987-12-30,24.719999313354492
1987-12-31,24.649999618530273
1988-01-04,25.530000686645508
1988-01-05,25.6200008392334
1988-01-06,25.649999618530273
1988-01-07,25.860000610351562
1988-01-08,24.1200008392334
1988-01-11,24.520000457763672
1988-01-12,24.31999969482422
1988-01-13,24.3700008392334
1988-01-14,24.3700008392334
1988-01-15,24.979999542236328
1988-01-18,24.969999313354492
1988-01-19,24.709999084472656
1988-01-20,24.049999237060547
1988-01-21,24.100000381469727
1988-01-22,24.43000030517578
1988-01-25,25.0
1988-01-26,24.75
1988-01-27,24.729999542236328
1988-01-28,25.1200008392334
1988-01-29,25.489999771118164
1988-02-01,25.299999237060547
1988-02-02,25.360000610351562
1988-02-03,25.030000686645508
1988-02-04,25.049999237060547
1988-02-05,24.940000534057617
1988-02-08,24.760000228881836
1988-02-09,25.030000686645508
1988-02-10,25.520000457763672
1988-02-11,25.450000762939453
1988-02-12,25.6200008392334
1988-02-16,25.6200008392334
1988-02-17,25.790000915527344
1988-02-18,25.65999984741211
1988-02-19,26.030000686645508
1988-02-22,26.43000030517578
1988-02-23,26.3700008392334
1988-02-24,26.329999923706055
1988-02-25,26.040000915527344
1988-02-26,26.1299991607666
1988-02-29,26.65999984741211
1988-03-01,26.6200008392334
1988-03-02,26.700000762939453
1988-03-03,26.690000534057617
1988-03-04,26.6299991607666
1988-03-07,26.639999389648438
1988-03-08,26.850000381469727
1988-03-09,26.81999969482422
1988-03-10,26.299999237060547
1988-03-11,26.40999984741211
1988-03-14,26.549999237060547
1988-03-15,26.520000457763672
1988-03-16,26.790000915527344
1988-03-17,27.040000915527344
1988-03-18,27.030000686645508
1988-03-21,26.799999237060547
1988-03-22,26.809999465942383
1988-03-23,26.81999969482422
1988-03-24,26.270000457763672
1988-03-25,25.799999237060547
1988-03-28,25.760000228881836
1988-03-29,25.780000686645508
1988-03-30,25.59000015258789
1988-03-31,25.670000076293945
1988-04-04,25.399999618530273
1988-04-05,25.649999618530273
1988-04-06,26.34000015258789
1988-04-07,26.40999984741211
1988-04-08,26.729999542236328
1988-04-11,26.799999237060547
1988-04-12,26.920000076293945
1988-04-13,26.940000534057617
1988-04-14,25.760000228881836
1988-04-15,25.770000457763672
1988-04-18,25.709999084472656
1988-04-19,25.579999923706055
1988-04-20,25.40999984741211
1988-04-21,25.43000030517578
1988-04-22,25.799999237060547
1988-04-25,26.040000915527344
1988-04-26,26.190000534057617
1988-04-27,26.18000030517578
1988-04-28,26.059999465942383
1988-04-29,25.93000030517578
1988-05-02,25.959999084472656
1988-05-03,26.110000610351562
1988-05-04,25.850000381469727
1988-05-05,25.719999313354492
1988-05-06,25.59000015258789
1988-05-09,25.520000457763672
1988-05-10,25.6299991607666
1988-05-11,25.200000762939453
1988-05-12,25.25
1988-05-13,25.540000915527344
1988-05-16,25.75
1988-05-17,25.440000534057617
1988-05-18,25.040000915527344
1988-05-19,25.15999984741211
1988-05-20,25.200000762939453
1988-05-23,24.989999771118164
1988-05-24,25.260000228881836
1988-05-25,25.290000915527344
1988-05-26,25.3799991607666
1988-05-27,25.270000457763672
1988-05-31,26.139999389648438
1988-06-01,26.600000381469727
1988-06-02,26.459999084472656
1988-06-03,26.579999923706055
1988-06-06,26.639999389648438
1988-06-07,26.459999084472656
1988-06-08,27.09000015258789
1988-06-09,26.969999313354492
1988-06-10,27.06999969482422
1988-06-13,27.09000015258789
1988-06-14,27.3799991607666
1988-06-15,27.389999389648438
1988-06-16,26.93000030517578
1988-06-17,27.020000457763672
1988-06-20,26.850000381469727
1988-06-21,27.1200008392334
1988-06-22,27.520000457763672
1988-06-23,27.440000534057617
1988-06-24,27.350000381469727
1988-06-27,26.8799991607666
1988-06-28,27.030000686645508
1988-06-29,26.899999618530273
1988-06-30,27.149999618530273
1988-07-01,26.979999542236328
1988-07-05,27.399999618530273
1988-07-06,27.010000228881836
1988-07-07,27.0
1988-07-08,26.81999969482422
1988-07-11,26.8799991607666
1988-07-12,26.610000610351562
1988-07-13,26.75
1988-07-14,26.850000381469727
1988-07-15,27.030000686645508
1988-07-18,26.8799991607666
1988-07-19,26.68000030517578
1988-07-20,26.829999923706055
1988-07-21,26.5
1988-07-22,26.18000030517578
1988-07-25,26.299999237060547
1988-07-26,26.3700008392334
1988-07-27,26.100000381469727
1988-07-28,26.450000762939453
1988-07-29,27.049999237060547
1988-08-01,27.06999969482422
1988-08-02,27.06999969482422
1988-08-03,27.170000076293945
1988-08-04,27.079999923706055
1988-08-05,27.0
1988-08-08,26.899999618530273
1988-08-09,26.56999969482422
1988-08-10,26.110000610351562
1988-08-11,26.200000762939453
1988-08-12,26.18000030517578
1988-08-15,25.809999465942383
1988-08-16,26.0
1988-08-17,26.020000457763672
1988-08-18,26.049999237060547
1988-08-19,25.969999313354492
1988-08-22,25.649999618530273
1988-08-23,25.670000076293945
1988-08-24,26.06999969482422
1988-08-25,25.8799991607666
1988-08-26,25.93000030517578
1988-08-29,26.209999084472656
1988-08-30,26.229999542236328
1988-08-31,26.1299991607666
1988-09-01,25.81999969482422
1988-09-02,26.440000534057617
1988-09-06,26.549999237060547
1988-09-07,26.56999969482422
1988-09-08,26.579999923706055
1988-09-09,26.68000030517578
1988-09-12,26.639999389648438
1988-09-13,26.739999771118164
1988-09-14,26.93000030517578
1988-09-15,26.809999465942383
1988-09-16,27.059999465942383
1988-09-19,26.889999389648438
1988-09-20,26.989999771118164
1988-09-21,27.040000915527344
1988-09-22,26.940000534057617
1988-09-23,27.0
1988-09-26,26.93000030517578
1988-09-27,26.8700008392334
1988-09-28,26.8700008392334
1988-09-29,27.1299991607666
1988-09-30,27.059999465942383
1988-10-03,27.020000457763672
1988-10-04,26.950000762939453
1988-10-05,27.06999969482422
1988-10-06,27.1200008392334
1988-10-07,27.690000534057617
1988-10-10,27.709999084472656
1988-10-11,27.670000076293945
1988-10-12,27.290000915527344
1988-10-13,27.40999984741211
1988-10-14,27.440000534057617
1988-10-17,27.530000686645508
1988-10-18,27.829999923706055
1988-10-19,27.59000015258789
1988-10-20,28.170000076293945
1988-10-21,28.25
1988-10-24,28.1200008392334
1988-10-25,28.1299991607666
1988-10-26,28.040000915527344
1988-10-27,27.6299991607666
1988-10-28,27.75
1988-10-31,27.799999237060547
1988-11-01,27.81999969482422
1988-11-02,27.829999923706055
1988-11-03,27.84000015258789
1988-11-04,27.579999923706055
1988-11-07,27.360000610351562
1988-11-08,27.479999542236328
1988-11-09,27.309999465942383
1988-11-10,27.350000381469727
1988-11-11,26.770000457763672
1988-11-14,26.770000457763672
1988-11-15,26.829999923706055
1988-11-16,26.389999389648438
1988-11-17,26.459999084472656
1988-11-18,26.649999618530273
1988-11-21,26.6299991607666
1988-11-22,26.729999542236328
1988-11-23,26.90999984741211
1988-11-25,26.739999771118164
1988-11-28,26.889999389648438
1988-11-29,27.1200008392334
1988-11-30,27.389999389648438
1988-12-01,27.290000915527344
1988-12-02,27.219999313354492
1988-12-05,27.540000915527344
1988-12-06,27.809999465942383
1988-12-07,27.860000610351562
1988-12-08,27.709999084472656
1988-12-09,27.760000228881836
1988-12-12,27.709999084472656
1988-12-13,27.700000762939453
1988-12-14,27.59000015258789
1988-12-15,27.489999771118164
1988-12-16,27.690000534057617
1988-12-19,27.959999084472656
1988-12-20,27.81999969482422
1988-12-21,27.799999237060547
1988-12-22,27.760000228881836
1988-12-23,27.8700008392334
1988-12-27,27.770000457763672
1988-12-28,27.799999237060547
1988-12-29,27.34000015258789
1988-12-30,27.18000030517578
1989-01-03,26.889999389648438
1989-01-04,27.3700008392334
1989-01-05,27.420000076293945
1989-01-06,27.489999771118164
1989-01-09,27.530000686645508
1989-01-10,27.469999313354492
1989-01-11,27.6200008392334
1989-01-12,27.739999771118164
1989-01-13,27.809999465942383
1989-01-16,27.84000015258789
1989-01-17,27.780000686645508
1989-01-18,28.06999969482422
1989-01-19,28.110000610351562
1989-01-20,28.079999923706055
1989-01-23,27.8799991607666
1989-01-24,28.270000457763672
1989-01-25,28.350000381469727
1989-01-26,28.59000015258789
1989-01-27,28.809999465942383
1989-01-30,28.920000076293945
1989-01-31,29.170000076293945
1989-02-01,29.139999389648438
1989-02-02,29.1299991607666
1989-02-03,29.149999618530273
1989-02-06,29.09000015258789
1989-02-07,29.440000534057617
1989-02-08,29.34000015258789
1989-02-09,29.100000381469727
1989-02-10,28.709999084472656
1989-02-13,28.770000457763672
1989-02-14,28.700000762939453
1989-02-15,28.950000762939453
1989-02-16,29.0
1989-02-17,29.200000762939453
1989-02-21,29.1299991607666
1989-02-22,28.6299991607666
1989-02-23,28.75
1989-02-24,28.270000457763672
1989-02-27,28.34000015258789
1989-02-28,28.450000762939453
1989-03-01,28.280000686645508
1989-03-02,28.559999465942383
1989-03-03,28.68000030517578
1989-03-06,29.049999237060547
1989-03-07,28.959999084472656
1989-03-08,28.989999771118164
1989-03-09,28.979999542236328
1989-03-10,28.8799991607666
1989-03-13,29.1200008392334
1989-03-14,29.100000381469727
1989-03-15,29.25
1989-03-16,29.520000457763672
1989-03-17,28.860000610351562
1989-03-20,28.59000015258789
1989-03-21,28.729999542236328
1989-03-22,28.649999618530273
1989-03-23,28.489999771118164
1989-03-27,28.670000076293945
1989-03-28,28.770000457763672
1989-03-29,28.5
1989-03-30,28.520000457763672
1989-03-31,28.739999771118164
1989-04-03,28.899999618530273
1989-04-04,28.809999465942383
1989-04-05,28.899999618530273
1989-04-06,28.809999465942383
1989-04-07,28.989999771118164
1989-04-10,28.989999771118164
1989-04-11,29.1299991607666
1989-04-12,29.18000030517578
1989-04-13,28.93000030517578
1989-04-14,29.40999984741211
1989-04-17,29.440000534057617
1989-04-18,29.860000610351562
1989-04-19,29.969999313354492
1989-04-20,29.8799991607666
1989-04-21,30.209999084472656
1989-04-24,30.1299991607666
1989-04-25,29.950000762939453
1989-04-26,29.969999313354492
1989-04-27,30.229999542236328
1989-04-28,30.229999542236328
1989-05-01,30.190000534057617
1989-05-02,30.100000381469727
1989-05-03,30.110000610351562
1989-05-04,30.09000015258789
1989-05-05,30.079999923706055
1989-05-08,29.940000534057617
1989-05-09,29.8799991607666
1989-05-10,29.940000534057617
1989-05-11,30.059999465942383
1989-05-12,30.729999542236328
1989-05-15,30.959999084472656
1989-05-16,30.899999618530273
1989-05-17,31.110000610351562
1989-05-18,31.170000076293945
1989-05-19,31.479999542236328
1989-05-22,31.56999969482422
1989-05-23,31.209999084472656
1989-05-24,31.290000915527344
1989-05-25,31.309999465942383
1989-05-26,31.549999237060547
1989-05-30,31.309999465942383
1989-05-31,31.450000762939453
1989-06-01,31.600000381469727
1989-06-02,31.950000762939453
1989-06-05,31.610000610351562
1989-06-06,31.829999923706055
1989-06-07,32.099998474121094
1989-06-08,32.09000015258789
1989-06-09,32.09000015258789
1989-06-12,32.04999923706055
1989-06-13,31.81999969482422
1989-06-14,31.809999465942383
1989-06-15,31.440000534057617
1989-06-16,31.56999969482422
1989-06-19,31.6200008392334
1989-06-20,31.559999465942383
1989-06-21,31.489999771118164
1989-06-22,31.670000076293945
1989-06-23,32.220001220703125
1989-06-26,32.11000061035156
1989-06-27,32.290000915527344
1989-06-28,31.860000610351562
1989-06-29,31.25
1989-06-30,31.09000015258789
1989-07-03,31.219999313354492
1989-07-05,31.360000610351562
1989-07-06,31.459999084472656
1989-07-07,31.790000915527344
1989-07-10,32.0
1989-07-11,32.16999816894531
1989-07-12,32.27000045776367
1989-07-13,32.290000915527344
1989-07-14,32.47999954223633
1989-07-17,32.540000915527344
1989-07-18,32.43000030517578
1989-07-19,32.849998474121094
1989-07-20,32.63999938964844
1989-07-21,32.869998931884766
1989-07-24,32.65999984741211
1989-07-25,32.68000030517578
1989-07-26,33.09000015258789
1989-07-27,33.47999954223633
1989-07-28,33.4900016784668
1989-07-31,33.88999938964844
1989-08-01,33.66999816894531
1989-08-02,33.7400016784668
1989-08-03,33.790000915527344
1989-08-04,33.709999084472656
1989-08-07,34.25
1989-08-08,34.25
1989-08-09,34.029998779296875
1989-08-10,34.15999984741211
1989-08-11,33.81999969482422
1989-08-14,33.66999816894531
1989-08-15,33.83000183105469
1989-08-16,33.93000030517578
1989-08-17,33.810001373291016
1989-08-18,33.959999084472656
1989-08-21,33.45000076293945
1989-08-22,33.5
1989-08-23,33.84000015258789
1989-08-24,34.5099983215332
1989-08-25,34.40999984741211
1989-08-28,34.58000183105469
1989-08-29,34.369998931884766
1989-08-30,34.45000076293945
1989-08-31,34.52000045776367
1989-09-01,34.7599983215332
1989-09-05,34.650001525878906
1989-09-06,34.31999969482422
1989-09-07,34.2400016784668
1989-09-08,34.279998779296875
1989-09-11,34.189998626708984
1989-09-12,34.290000915527344
1989-09-13,33.970001220703125
1989-09-14,33.75
1989-09-15,33.93000030517578
1989-09-18,34.099998474121094
1989-09-19,34.09000015258789
1989-09-20,34.08000183105469
1989-09-21,34.0099983215332
1989-09-22,34.150001525878906
1989-09-25,33.880001068115234
1989-09-26,33.88999938964844
1989-09-27,33.970001220703125
1989-09-28,34.13999938964844
1989-09-29,34.20000076293945
1989-10-02,34.369998931884766
1989-10-03,34.7599983215332
1989-10-04,34.97999954223633
1989-10-05,34.97999954223633
1989-10-06,35.16999816894531
1989-10-09,35.2599983215332
1989-10-10,35.20000076293945
1989-10-11,34.9900016784668
1989-10-12,34.84000015258789
1989-10-13,32.7400016784668
1989-10-16,33.61000061035156
1989-10-17,33.45000076293945
1989-10-18,33.5099983215332
1989-10-19,34.029998779296875
1989-10-20,34.040000915527344
1989-10-23,33.810001373291016
1989-10-24,33.70000076293945
1989-10-25,33.59000015258789
1989-10-26,33.150001525878906
1989-10-27,32.86000061035156
1989-10-30,32.869998931884766
1989-10-31,33.400001525878906
1989-11-01,33.47999954223633
1989-11-02,33.2400016784668
1989-11-03,33.150001525878906
1989-11-06,32.66999816894531
1989-11-07,32.900001525878906
1989-11-08,33.22999954223633
1989-11-09,33.09000015258789
1989-11-10,33.34000015258789
1989-11-13,33.400001525878906
1989-11-14,33.25
1989-11-15,33.47999954223633
1989-11-16,33.5099983215332
1989-11-17,33.619998931884766
1989-11-20,33.400001525878906
1989-11-21,33.41999816894531
1989-11-22,33.650001525878906
1989-11-24,33.86000061035156
1989-11-27,34.029998779296875
1989-11-28,34.04999923706055
1989-11-29,33.84000015258789
1989-11-30,34.08000183105469
1989-12-01,34.529998779296875
1989-12-04,34.630001068115234
1989-12-05,34.45000076293945
1989-12-06,34.36000061035156
1989-12-07,34.2599983215332
1989-12-08,34.369998931884766
1989-12-11,34.369998931884766
1989-12-12,34.68000030517578
1989-12-13,34.779998779296875
1989-12-14,34.61000061035156
1989-12-15,34.529998779296875
1989-12-18,33.900001525878906
1989-12-19,33.779998779296875
1989-12-20,33.81999969482422
1989-12-21,34.0099983215332
1989-12-22,34.290000915527344
1989-12-26,34.2400016784668
1989-12-27,34.43000030517578
1989-12-28,33.380001068115234
1989-12-29,33.63999938964844
1990-01-02,34.2400016784668
1990-01-03,34.150001525878906
1990-01-04,33.869998931884766
1990-01-05,33.540000915527344
1990-01-08,33.70000076293945
1990-01-09,33.29999923706055
1990-01-10,33.08000183105469
1990-01-11,33.20000076293945
1990-01-12,32.380001068115234
1990-01-15,32.11000061035156
1990-01-16,32.459999084472656
1990-01-17,32.150001525878906
1990-01-18,32.220001220703125
1990-01-19,32.310001373291016
1990-01-22,31.479999542236328
1990-01-23,31.600000381469727
1990-01-24,31.479999542236328
1990-01-25,31.079999923706055
1990-01-26,31.049999237060547
1990-01-29,31.0
1990-01-30,30.799999237060547
1990-01-31,31.3799991607666
1990-02-01,31.360000610351562
1990-02-02,31.559999465942383
1990-02-05,31.68000030517578
1990-02-06,31.479999542236328
1990-02-07,31.8700008392334
1990-02-08,31.799999237060547
1990-02-09,31.8799991607666
1990-02-12,31.559999465942383
1990-02-13,31.649999618530273
1990-02-14,31.739999771118164
1990-02-15,32.02000045776367
1990-02-16,31.81999969482422
1990-02-20,31.3700008392334
1990-02-21,31.34000015258789
1990-02-22,31.15999984741211
1990-02-23,31.020000457763672
1990-02-26,31.459999084472656
1990-02-27,31.6200008392334
1990-02-28,31.780000686645508
1990-03-01,31.860000610351562
1990-03-02,32.130001068115234
1990-03-05,31.969999313354492
1990-03-06,32.369998931884766
1990-03-07,32.279998779296875
1990-03-08,32.599998474121094
1990-03-09,32.38999938964844
1990-03-12,32.459999084472656
1990-03-13,32.20000076293945
1990-03-14,32.290000915527344
1990-03-15,32.40999984741211
1990-03-16,32.7599983215332
1990-03-19,32.93000030517578
1990-03-20,32.7400016784668
1990-03-21,32.56999969482422
1990-03-22,32.18000030517578
1990-03-23,32.33000183105469
1990-03-26,32.38999938964844
1990-03-27,32.7599983215332
1990-03-28,32.58000183105469
1990-03-29,32.459999084472656
1990-03-30,32.380001068115234
1990-04-02,32.27000045776367
1990-04-03,32.75
1990-04-04,32.52000045776367
1990-04-05,32.4900016784668
1990-04-06,32.43000030517578
1990-04-09,32.54999923706055
1990-04-10,32.619998931884766
1990-04-11,32.599998474121094
1990-04-12,32.84000015258789
1990-04-16,32.869998931884766
1990-04-17,32.869998931884766
1990-04-18,32.5
1990-04-19,32.2400016784668
1990-04-20,31.959999084472656
1990-04-23,31.579999923706055
1990-04-24,31.520000457763672
1990-04-25,31.690000534057617
1990-04-26,31.770000457763672
1990-04-27,31.399999618530273
1990-04-30,31.56999969482422
1990-05-01,31.719999313354492
1990-05-02,31.93000030517578
1990-05-03,32.04999923706055
1990-05-04,32.33000183105469
1990-05-07,32.54999923706055
1990-05-08,32.70000076293945
1990-05-09,32.779998779296875
1990-05-10,32.880001068115234
1990-05-11,33.66999816894531
1990-05-14,33.95000076293945
1990-05-15,33.900001525878906
1990-05-16,33.880001068115234
1990-05-17,33.93000030517578
1990-05-18,33.95000076293945
1990-05-21,34.27000045776367
1990-05-22,34.34000015258789
1990-05-23,34.41999816894531
1990-05-24,34.34000015258789
1990-05-25,33.9900016784668
1990-05-29,34.58000183105469
1990-05-30,34.599998474121094
1990-05-31,34.630001068115234
1990-06-01,34.81999969482422
1990-06-04,35.2400016784668
1990-06-05,35.16999816894531
1990-06-06,35.0099983215332
1990-06-07,34.83000183105469
1990-06-08,34.40999984741211
1990-06-11,34.70000076293945
1990-06-12,35.150001525878906
1990-06-13,35.02000045776367
1990-06-14,34.83000183105469
1990-06-15,34.83000183105469
1990-06-18,34.2599983215332
1990-06-19,34.40999984741211
1990-06-20,34.470001220703125
1990-06-21,34.599998474121094
1990-06-22,34.119998931884766
1990-06-25,33.84000015258789
1990-06-26,33.81999969482422
1990-06-27,33.93000030517578
1990-06-28,34.16999816894531
1990-06-29,34.220001220703125
1990-07-02,34.36000061035156
1990-07-03,34.43000030517578
1990-07-05,34.0099983215332
1990-07-06,34.27000045776367
1990-07-09,34.380001068115234
1990-07-10,34.09000015258789
1990-07-11,34.54999923706055
1990-07-12,34.95000076293945
1990-07-13,35.130001068115234
1990-07-16,35.290000915527344
1990-07-17,35.150001525878906
1990-07-18,34.84000015258789
1990-07-19,34.939998626708984
1990-07-20,34.59000015258789
1990-07-23,34.0
1990-07-24,34.040000915527344
1990-07-25,34.15999984741211
1990-07-26,34.04999923706055
1990-07-27,33.81999969482422
1990-07-30,34.029998779296875
1990-07-31,34.099998474121094
1990-08-01,34.040000915527344
1990-08-02,33.65999984741211
1990-08-03,33.040000915527344
1990-08-06,32.060001373291016
1990-08-07,32.11000061035156
1990-08-08,32.45000076293945
1990-08-09,32.61000061035156
1990-08-10,32.20000076293945
1990-08-13,32.52000045776367
1990-08-14,32.58000183105469
1990-08-15,32.650001525878906
1990-08-16,31.920000076293945
1990-08-17,31.479999542236328
1990-08-20,31.549999237060547
1990-08-21,30.920000076293945
1990-08-22,30.420000076293945
1990-08-23,29.5
1990-08-24,29.93000030517578
1990-08-27,30.889999389648438
1990-08-28,30.899999618530273
1990-08-29,31.170000076293945
1990-08-30,30.639999389648438
1990-08-31,31.020000457763672
1990-09-04,31.079999923706055
1990-09-05,31.200000762939453
1990-09-06,30.829999923706055
1990-09-07,31.110000610351562
1990-09-10,30.959999084472656
1990-09-11,30.90999984741211
1990-09-12,31.049999237060547
1990-09-13,30.670000076293945
1990-09-14,30.5
1990-09-17,30.59000015258789
1990-09-18,30.690000534057617
1990-09-19,30.489999771118164
1990-09-20,30.010000228881836
1990-09-21,30.0
1990-09-24,29.360000610351562
1990-09-25,29.719999313354492
1990-09-26,29.40999984741211
1990-09-27,28.84000015258789
1990-09-28,29.31999969482422
1990-10-01,30.190000534057617
1990-10-02,30.219999313354492
1990-10-03,29.8700008392334
1990-10-04,29.989999771118164
1990-10-05,29.8799991607666
1990-10-08,30.079999923706055
1990-10-09,29.260000228881836
1990-10-10,28.81999969482422
1990-10-11,28.34000015258789
1990-10-12,28.780000686645508
1990-10-15,29.100000381469727
1990-10-16,28.690000534057617
1990-10-17,28.670000076293945
1990-10-18,29.34000015258789
1990-10-19,29.979999542236328
1990-10-22,30.200000762939453
1990-10-23,29.979999542236328
1990-10-24,30.0
1990-10-25,29.770000457763672
1990-10-26,29.25
1990-10-29,28.989999771118164
1990-10-30,29.209999084472656
1990-10-31,29.200000762939453
1990-11-01,29.489999771118164
1990-11-02,29.959999084472656
1990-11-05,30.260000228881836
1990-11-06,29.979999542236328
1990-11-07,29.440000534057617
1990-11-08,29.610000610351562
1990-11-09,30.209999084472656
1990-11-12,30.760000228881836
1990-11-13,30.600000381469727
1990-11-14,30.860000610351562
1990-11-15,30.540000915527344
1990-11-16,30.559999465942383
1990-11-19,30.770000457763672
1990-11-20,30.389999389648438
1990-11-21,30.459999084472656
1990-11-23,30.3700008392334
1990-11-26,30.520000457763672
1990-11-27,30.68000030517578
1990-11-28,30.670000076293945
1990-11-29,30.520000457763672
1990-11-30,31.079999923706055
1990-12-03,31.280000686645508
1990-12-04,31.5
1990-12-05,31.84000015258789
1990-12-06,31.770000457763672
1990-12-07,31.639999389648438
1990-12-10,31.75
1990-12-11,31.530000686645508
1990-12-12,31.889999389648438
1990-12-13,31.809999465942383
1990-12-14,31.56999969482422
1990-12-17,31.489999771118164
1990-12-18,31.8799991607666
1990-12-19,31.889999389648438
1990-12-20,31.8799991607666
1990-12-21,32.040000915527344
1990-12-24,31.889999389648438
1990-12-26,31.979999542236328
1990-12-27,31.059999465942383
1990-12-28,31.110000610351562
1990-12-31,31.239999771118164
1991-01-02,30.889999389648438
1991-01-03,30.459999084472656
1991-01-04,30.389999389648438
1991-01-07,29.8700008392334
1991-01-08,29.81999969482422
1991-01-09,29.5
1991-01-10,29.780000686645508
1991-01-11,29.850000381469727
1991-01-14,29.600000381469727
1991-01-15,29.709999084472656
1991-01-16,29.950000762939453
1991-01-17,31.06999969482422
1991-01-18,31.459999084472656
1991-01-21,31.360000610351562
1991-01-22,31.100000381469727
1991-01-23,31.280000686645508
1991-01-24,31.709999084472656
1991-01-25,31.84000015258789
1991-01-28,31.84000015258789
1991-01-29,31.829999923706055
1991-01-30,32.310001373291016
1991-01-31,32.599998474121094
1991-02-01,32.52000045776367
1991-02-04,33.040000915527344
1991-02-05,33.33000183105469
1991-02-06,33.97999954223633
1991-02-07,33.84000015258789
1991-02-08,34.11000061035156
1991-02-11,35.0
1991-02-12,34.720001220703125
1991-02-13,35.04999923706055
1991-02-14,34.61000061035156
1991-02-15,35.06999969482422
1991-02-19,35.099998474121094
1991-02-20,34.70000076293945
1991-02-21,34.68000030517578
1991-02-22,34.7599983215332
1991-02-25,34.91999816894531
1991-02-26,34.5099983215332
1991-02-27,34.970001220703125
1991-02-28,34.91999816894531
1991-03-01,35.2400016784668
1991-03-04,35.150001525878906
1991-03-05,35.849998474121094
1991-03-06,35.79999923706055
1991-03-07,35.779998779296875
1991-03-08,35.70000076293945
1991-03-11,35.5099983215332
1991-03-12,35.2400016784668
1991-03-13,35.66999816894531
1991-03-14,35.56999969482422
1991-03-15,35.58000183105469
1991-03-18,35.439998626708984
1991-03-19,34.91999816894531
1991-03-20,35.040000915527344
1991-03-21,34.90999984741211
1991-03-22,35.02000045776367
1991-03-25,35.2400016784668
1991-03-26,35.86000061035156
1991-03-27,35.52000045776367
1991-03-28,35.5099983215332
1991-04-01,35.150001525878906
1991-04-02,35.91999816894531
1991-04-03,35.869998931884766
1991-04-04,35.970001220703125
1991-04-05,35.54999923706055
1991-04-08,35.86000061035156
1991-04-09,35.380001068115234
1991-04-10,35.34000015258789
1991-04-11,35.77000045776367
1991-04-12,36.029998779296875
1991-04-15,36.11000061035156
1991-04-16,36.720001220703125
1991-04-17,36.9900016784668
1991-04-18,36.79999923706055
1991-04-19,36.400001525878906
1991-04-22,36.09000015258789
1991-04-23,36.15999984741211
1991-04-24,36.2599983215332
1991-04-25,35.93000030517578
1991-04-26,35.90999984741211
1991-04-29,35.41999816894531
1991-04-30,35.58000183105469
1991-05-01,36.04999923706055
1991-05-02,36.06999969482422
1991-05-03,36.099998474121094
1991-05-06,36.060001373291016
1991-05-07,35.81999969482422
1991-05-08,35.93000030517578
1991-05-09,36.400001525878906
1991-05-10,35.689998626708984
1991-05-13,35.79999923706055
1991-05-14,35.310001373291016
1991-05-15,35.029998779296875
1991-05-16,35.029998779296875
1991-05-17,35.40999984741211
1991-05-20,35.400001525878906
1991-05-21,35.70000076293945
1991-05-22,35.779998779296875
1991-05-23,35.66999816894531
1991-05-24,35.91999816894531
1991-05-28,36.349998474121094
1991-05-29,36.43000030517578
1991-05-30,36.83000183105469
1991-05-31,37.099998474121094
1991-06-03,37.099998474121094
1991-06-04,36.91999816894531
1991-06-05,36.66999816894531
1991-06-06,36.540000915527344
1991-06-07,36.13999938964844
1991-06-10,36.06999969482422
1991-06-11,36.310001373291016
1991-06-12,35.88999938964844
1991-06-13,35.9900016784668
1991-06-14,36.43000030517578
1991-06-17,36.220001220703125
1991-06-18,36.08000183105469
1991-06-19,35.75
1991-06-20,35.779998779296875
1991-06-21,36.0
1991-06-24,35.369998931884766
1991-06-25,35.34000015258789
1991-06-26,35.439998626708984
1991-06-27,35.52000045776367
1991-06-28,35.22999954223633
1991-07-01,35.869998931884766
1991-07-02,35.83000183105469
1991-07-03,35.45000076293945
1991-07-05,35.52000045776367
1991-07-08,35.88999938964844
1991-07-09,35.720001220703125
1991-07-10,35.68000030517578
1991-07-11,35.79999923706055
1991-07-12,36.11000061035156
1991-07-15,36.31999969482422
1991-07-16,36.2400016784668
1991-07-17,36.209999084472656
1991-07-18,36.61000061035156
1991-07-19,36.5
1991-07-22,36.380001068115234
1991-07-23,36.04999923706055
1991-07-24,35.970001220703125
1991-07-25,36.20000076293945
1991-07-26,36.189998626708984
1991-07-29,36.40999984741211
1991-07-30,36.75
1991-07-31,36.86000061035156
1991-08-01,36.79999923706055
1991-08-02,36.810001373291016
1991-08-05,36.630001068115234
1991-08-06,37.16999816894531
1991-08-07,37.18000030517578
1991-08-08,37.06999969482422
1991-08-09,36.869998931884766
1991-08-12,36.959999084472656
1991-08-13,37.11000061035156
1991-08-14,37.150001525878906
1991-08-15,37.099998474121094
1991-08-16,36.75
1991-08-19,35.88999938964844
1991-08-20,36.16999816894531
1991-08-21,37.22999954223633
1991-08-22,37.29999923706055
1991-08-23,37.56999969482422
1991-08-26,37.54999923706055
1991-08-27,37.47999954223633
1991-08-28,37.83000183105469
1991-08-29,37.810001373291016
1991-08-30,37.720001220703125
1991-09-03,37.41999816894531
1991-09-04,37.220001220703125
1991-09-05,37.130001068115234
1991-09-06,37.130001068115234
1991-09-09,37.09000015258789
1991-09-10,36.72999954223633
1991-09-11,36.77000045776367
1991-09-12,36.9900016784668
1991-09-13,36.630001068115234
1991-09-16,36.849998474121094
1991-09-17,36.83000183105469
1991-09-18,36.959999084472656
1991-09-19,37.029998779296875
1991-09-20,37.06999969482422
1991-09-23,36.880001068115234
1991-09-24,37.060001373291016
1991-09-25,36.9900016784668
1991-09-26,36.77000045776367
1991-09-27,36.709999084472656
1991-09-30,36.90999984741211
1991-10-01,37.029998779296875
1991-10-02,36.95000076293945
1991-10-03,36.59000015258789
1991-10-04,36.29999923706055
1991-10-07,36.13999938964844
1991-10-08,36.2400016784668
1991-10-09,35.880001068115234
1991-10-10,36.2400016784668
1991-10-11,36.33000183105469
1991-10-14,36.79999923706055
1991-10-15,37.22999954223633
1991-10-16,37.40999984741211
1991-10-17,37.31999969482422
1991-10-18,37.31999969482422
1991-10-21,37.150001525878906
1991-10-22,36.939998626708984
1991-10-23,36.95000076293945
1991-10-24,36.66999816894531
1991-10-25,36.599998474121094
1991-10-28,37.11000061035156
1991-10-29,37.29999923706055
1991-10-30,37.439998626708984
1991-10-31,37.400001525878906
1991-11-01,37.290000915527344
1991-11-04,37.220001220703125
1991-11-05,37.09000015258789
1991-11-06,37.220001220703125
1991-11-07,37.58000183105469
1991-11-08,37.52000045776367
1991-11-11,37.54999923706055
1991-11-12,37.88999938964844
1991-11-13,37.959999084472656
1991-11-14,37.939998626708984
1991-11-15,36.560001373291016
1991-11-18,36.810001373291016
1991-11-19,36.810001373291016
1991-11-20,36.18000030517578
1991-11-21,36.33000183105469
1991-11-22,35.970001220703125
1991-11-25,35.900001525878906
1991-11-26,36.150001525878906
1991-11-27,36.02000045776367
1991-11-29,35.900001525878906
1991-12-02,36.5
1991-12-03,36.459999084472656
1991-12-04,36.380001068115234
1991-12-05,36.130001068115234
1991-12-06,36.290000915527344
1991-12-09,36.220001220703125
1991-12-10,36.189998626708984
1991-12-11,36.16999816894531
1991-12-12,36.540000915527344
1991-12-13,36.81999969482422
1991-12-16,36.81999969482422
1991-12-17,36.66999816894531
1991-12-18,36.72999954223633
1991-12-19,36.63999938964844
1991-12-20,37.08000183105469
1991-12-23,37.08000183105469
1991-12-24,38.27000045776367
1991-12-26,38.810001373291016
1991-12-27,38.310001373291016
1991-12-30,39.119998931884766
1991-12-31,39.310001373291016
1992-01-02,39.33000183105469
1992-01-03,39.52000045776367
1992-01-06,39.40999984741211
1992-01-07,39.36000061035156
1992-01-08,39.43000030517578
1992-01-09,39.380001068115234
1992-01-10,39.13999938964844
1992-01-13,39.06999969482422
1992-01-14,39.650001525878906
1992-01-15,39.689998626708984
1992-01-16,39.45000076293945
1992-01-17,39.5099983215332
1992-01-20,39.5099983215332
1992-01-21,38.93000030517578
1992-01-22,39.439998626708984
1992-01-23,39.13999938964844
1992-01-24,39.189998626708984
1992-01-27,39.150001525878906
1992-01-28,39.150001525878906
1992-01-29,38.720001220703125
1992-01-30,38.84000015258789
1992-01-31,38.58000183105469
1992-02-03,38.65999984741211
1992-02-04,39.08000183105469
1992-02-05,39.09000015258789
1992-02-06,39.099998474121094
1992-02-07,38.86000061035156
1992-02-10,39.119998931884766
1992-02-11,39.130001068115234
1992-02-12,39.439998626708984
1992-02-13,39.119998931884766
1992-02-14,39.02000045776367
1992-02-18,38.540000915527344
1992-02-19,38.630001068115234
1992-02-20,39.15999984741211
1992-02-21,38.93000030517578
1992-02-24,39.0099983215332
1992-02-25,38.849998474121094
1992-02-26,39.310001373291016
1992-02-27,39.18000030517578
1992-02-28,39.060001373291016
1992-03-02,39.060001373291016
1992-03-03,39.11000061035156
1992-03-04,38.779998779296875
1992-03-05,38.5099983215332
1992-03-06,38.31999969482422
1992-03-09,38.40999984741211
1992-03-10,38.56999969482422
1992-03-11,38.29999923706055
1992-03-12,38.279998779296875
1992-03-13,38.470001220703125
1992-03-16,38.52000045776367
1992-03-17,38.83000183105469
1992-03-18,38.790000915527344
1992-03-19,38.849998474121094
1992-03-20,38.97999954223633
1992-03-23,38.86000061035156
1992-03-24,38.7599983215332
1992-03-25,38.65999984741211
1992-03-26,38.470001220703125
1992-03-27,38.060001373291016
1992-03-30,38.02000045776367
1992-03-31,38.09000015258789
1992-04-01,38.13999938964844
1992-04-02,37.779998779296875
1992-04-03,37.88999938964844
1992-04-06,38.279998779296875
1992-04-07,37.58000183105469
1992-04-08,37.2400016784668
1992-04-09,37.83000183105469
1992-04-10,38.16999816894531
1992-04-13,38.34000015258789
1992-04-14,38.93000030517578
1992-04-15,39.29999923706055
1992-04-16,39.279998779296875
1992-04-20,38.720001220703125
1992-04-21,38.7400016784668
1992-04-22,38.70000076293945
1992-04-23,38.869998931884766
1992-04-24,38.630001068115234
1992-04-27,38.58000183105469
1992-04-28,38.650001525878906
1992-04-29,38.91999816894531
1992-04-30,39.20000076293945
1992-05-01,38.970001220703125
1992-05-04,39.400001525878906
1992-05-05,39.400001525878906
1992-05-06,39.400001525878906
1992-05-07,39.349998474121094
1992-05-08,39.369998931884766
1992-05-11,39.61000061035156
1992-05-12,39.40999984741211
1992-05-13,39.43000030517578
1992-05-14,39.119998931884766
1992-05-15,38.83000183105469
1992-05-18,39.119998931884766
1992-05-19,39.459999084472656
1992-05-20,39.369998931884766
1992-05-21,39.099998474121094
1992-05-22,39.25
1992-05-26,39.0099983215332
1992-05-27,39.08000183105469
1992-05-28,39.5099983215332
1992-05-29,39.38999938964844
1992-06-01,39.58000183105469
1992-06-02,39.2400016784668
1992-06-03,39.34000015258789
1992-06-04,39.220001220703125
1992-06-05,39.2400016784668
1992-06-08,39.22999954223633
1992-06-09,38.93000030517578
1992-06-10,38.66999816894531
1992-06-11,38.84000015258789
1992-06-12,38.90999984741211
1992-06-15,38.959999084472656
1992-06-16,38.779998779296875
1992-06-17,38.20000076293945
1992-06-18,38.08000183105469
1992-06-19,38.34000015258789
1992-06-22,38.310001373291016
1992-06-23,38.369998931884766
1992-06-24,38.150001525878906
1992-06-25,38.08000183105469
1992-06-26,38.119998931884766
1992-06-29,38.63999938964844
1992-06-30,38.58000183105469
1992-07-01,39.02000045776367
1992-07-02,38.90999984741211
1992-07-06,39.130001068115234
1992-07-07,38.689998626708984
1992-07-08,38.790000915527344
1992-07-09,39.16999816894531
1992-07-10,39.209999084472656
1992-07-13,39.22999954223633
1992-07-14,39.5
1992-07-15,39.439998626708984
1992-07-16,39.4900016784668
1992-07-17,39.310001373291016
1992-07-20,39.13999938964844
1992-07-21,39.130001068115234
1992-07-22,38.869998931884766
1992-07-23,38.97999954223633
1992-07-24,38.93000030517578
1992-07-27,38.93000030517578
1992-07-28,39.5
1992-07-29,39.95000076293945
1992-07-30,40.11000061035156
1992-07-31,40.13999938964844
1992-08-03,40.2400016784668
1992-08-04,40.18000030517578
1992-08-05,39.97999954223633
1992-08-06,39.84000015258789
1992-08-07,39.689998626708984
1992-08-10,39.7599983215332
1992-08-11,39.709999084472656
1992-08-12,39.61000061035156
1992-08-13,39.61000061035156
1992-08-14,39.81999969482422
1992-08-17,39.90999984741211
1992-08-18,39.970001220703125
1992-08-19,39.68000030517578
1992-08-20,39.689998626708984
1992-08-21,39.36000061035156
1992-08-24,38.97999954223633
1992-08-25,39.06999969482422
1992-08-26,39.25
1992-08-27,39.2599983215332
1992-08-28,39.380001068115234
1992-08-31,39.310001373291016
1992-09-01,39.52000045776367
1992-09-02,39.709999084472656
1992-09-03,39.709999084472656
1992-09-04,39.619998931884766
1992-09-08,39.380001068115234
1992-09-09,39.56999969482422
1992-09-10,39.90999984741211
1992-09-11,39.880001068115234
1992-09-14,40.41999816894531
1992-09-15,39.91999816894531
1992-09-16,39.93000030517578
1992-09-17,39.93000030517578
1992-09-18,40.220001220703125
1992-09-21,40.150001525878906
1992-09-22,39.66999816894531
1992-09-23,39.70000076293945
1992-09-24,39.599998474121094
1992-09-25,39.209999084472656
1992-09-28,39.43000030517578
1992-09-29,39.45000076293945
1992-09-30,39.54999923706055
1992-10-01,39.40999984741211
1992-10-02,38.86000061035156
1992-10-05,38.599998474121094
1992-10-06,38.56999969482422
1992-10-07,38.290000915527344
1992-10-08,38.630001068115234
1992-10-09,38.13999938964844
1992-10-12,38.59000015258789
1992-10-13,38.77000045776367
1992-10-14,38.779998779296875
1992-10-15,38.79999923706055
1992-10-16,39.0
1992-10-19,39.310001373291016
1992-10-20,39.36000061035156
1992-10-21,39.380001068115234
1992-10-22,39.310001373291016
1992-10-23,39.22999954223633
1992-10-26,39.630001068115234
1992-10-27,39.65999984741211
1992-10-28,39.81999969482422
1992-10-29,39.88999938964844
1992-10-30,39.68000030517578
1992-11-02,40.06999969482422
1992-11-03,39.81999969482422
1992-11-04,39.560001373291016
1992-11-05,39.709999084472656
1992-11-06,39.65999984741211
1992-11-09,39.75
1992-11-10,39.7599983215332
1992-11-11,40.099998474121094
1992-11-12,40.15999984741211
1992-11-13,40.119998931884766
1992-11-16,39.970001220703125
1992-11-17,39.84000015258789
1992-11-18,40.18000030517578
1992-11-19,40.2599983215332
1992-11-20,40.54999923706055
1992-11-23,40.40999984741211
1992-11-24,40.65999984741211
1992-11-25,40.810001373291016
1992-11-27,40.90999984741211
1992-11-30,41.029998779296875
1992-12-01,40.97999954223633
1992-12-02,40.90999984741211
1992-12-03,40.90999984741211
1992-12-04,41.11000061035156
1992-12-07,41.43000030517578
1992-12-08,41.59000015258789
1992-12-09,41.47999954223633
1992-12-10,41.380001068115234
1992-12-11,41.29999923706055
1992-12-14,41.220001220703125
1992-12-15,41.189998626708984
1992-12-16,41.09000015258789
1992-12-17,41.470001220703125
1992-12-18,42.029998779296875
1992-12-21,41.970001220703125
1992-12-22,41.93000030517578
1992-12-23,41.810001373291016
1992-12-24,41.900001525878906
1992-12-28,41.849998474121094
1992-12-29,41.18000030517578
1992-12-30,41.2599983215332
1992-12-31,41.2599983215332
1993-01-04,40.95000076293945
1993-01-05,40.86000061035156
1993-01-06,40.880001068115234
1993-01-07,40.52000045776367
1993-01-08,40.36000061035156
1993-01-11,40.54999923706055
1993-01-12,40.54999923706055
1993-01-13,40.7400016784668
1993-01-14,41.02000045776367
1993-01-15,41.130001068115234
1993-01-18,41.11000061035156
1993-01-19,40.95000076293945
1993-01-20,40.779998779296875
1993-01-21,40.97999954223633
1993-01-22,41.040000915527344
1993-01-25,41.40999984741211
1993-01-26,41.40999984741211
1993-01-27,41.2400016784668
1993-01-28,41.290000915527344
1993-01-29,41.29999923706055
1993-02-01,41.65999984741211
1993-02-02,41.68000030517578
1993-02-03,42.11000061035156
1993-02-04,42.36000061035156
1993-02-05,42.310001373291016
1993-02-08,42.220001220703125
1993-02-09,42.0
1993-02-10,42.08000183105469
1993-02-11,42.220001220703125
1993-02-12,41.939998626708984
1993-02-16,40.939998626708984
1993-02-17,40.880001068115234
1993-02-18,40.75
1993-02-19,40.970001220703125
1993-02-22,41.08000183105469
1993-02-23,41.040000915527344
1993-02-24,41.619998931884766
1993-02-25,41.7599983215332
1993-02-26,41.86000061035156
1993-03-01,41.7400016784668
1993-03-02,42.29999923706055
1993-03-03,42.439998626708984
1993-03-04,42.2599983215332
1993-03-05,42.15999984741211
1993-03-08,42.97999954223633
1993-03-09,42.959999084472656
1993-03-10,43.13999938964844
1993-03-11,42.88999938964844
1993-03-12,42.529998779296875
1993-03-15,42.68000030517578
1993-03-16,42.68000030517578
1993-03-17,42.38999938964844
1993-03-18,42.72999954223633
1993-03-19,42.56999969482422
1993-03-22,42.439998626708984
1993-03-23,42.43000030517578
1993-03-24,42.119998931884766
1993-03-25,42.400001525878906
1993-03-26,42.099998474121094
1993-03-29,42.400001525878906
1993-03-30,42.5099983215332
1993-03-31,42.4900016784668
1993-04-01,42.36000061035156
1993-04-02,41.540000915527344
1993-04-05,41.630001068115234
1993-04-06,41.52000045776367
1993-04-07,41.66999816894531
1993-04-08,41.66999816894531
1993-04-12,42.20000076293945
1993-04-13,42.279998779296875
1993-04-14,42.22999954223633
1993-04-15,42.209999084472656
1993-04-16,42.2599983215332
1993-04-19,42.119998931884766
1993-04-20,41.900001525878906
1993-04-21,41.7599983215332
1993-04-22,41.369998931884766
1993-04-23,41.13999938964844
1993-04-26,40.81999969482422
1993-04-27,41.25
1993-04-28,41.25
1993-04-29,41.33000183105469
1993-04-30,41.459999084472656
1993-05-03,41.68000030517578
1993-05-04,41.84000015258789
1993-05-05,41.88999938964844
1993-05-06,41.779998779296875
1993-05-07,41.709999084472656
1993-05-10,41.779998779296875
1993-05-11,41.93000030517578
1993-05-12,41.970001220703125
1993-05-13,41.45000076293945
1993-05-14,41.5
1993-05-17,41.59000015258789
1993-05-18,41.58000183105469
1993-05-19,42.27000045776367
1993-05-20,42.560001373291016
1993-05-21,42.11000061035156
1993-05-24,42.31999969482422
1993-05-25,42.40999984741211
1993-05-26,42.849998474121094
1993-05-27,42.75
1993-05-28,42.560001373291016
1993-06-01,42.900001525878906
1993-06-02,42.91999816894531
1993-06-03,42.790000915527344
1993-06-04,42.560001373291016
1993-06-07,42.34000015258789
1993-06-08,42.060001373291016
1993-06-09,42.18000030517578
1993-06-10,42.13999938964844
1993-06-11,42.31999969482422
1993-06-14,42.369998931884766
1993-06-15,42.22999954223633
1993-06-16,42.34000015258789
1993-06-17,42.45000076293945
1993-06-18,41.9900016784668
1993-06-21,42.22999954223633
1993-06-22,42.20000076293945
1993-06-23,41.72999954223633
1993-06-24,42.06999969482422
1993-06-25,42.15999984741211
1993-06-28,42.56999969482422
1993-06-29,42.459999084472656
1993-06-30,42.45000076293945
1993-07-01,42.310001373291016
1993-07-02,42.029998779296875
1993-07-06,41.619998931884766
1993-07-07,41.75
1993-07-08,42.290000915527344
1993-07-09,42.25
1993-07-12,42.33000183105469
1993-07-13,42.25
1993-07-14,42.439998626708984
1993-07-15,42.36000061035156
1993-07-16,42.029998779296875
1993-07-19,42.060001373291016
1993-07-20,42.18000030517578
1993-07-21,42.16999816894531
1993-07-22,41.91999816894531
1993-07-23,42.15999984741211
1993-07-26,42.36000061035156
1993-07-27,42.279998779296875
1993-07-28,42.18000030517578
1993-07-29,42.470001220703125
1993-07-30,42.27000045776367
1993-08-02,42.470001220703125
1993-08-03,42.40999984741211
1993-08-04,42.34000015258789
1993-08-05,42.310001373291016
1993-08-06,42.36000061035156
1993-08-09,42.59000015258789
1993-08-10,42.470001220703125
1993-08-11,42.56999969482422
1993-08-12,42.43000030517578
1993-08-13,42.540000915527344
1993-08-16,42.7599983215332
1993-08-17,42.849998474121094
1993-08-18,43.11000061035156
1993-08-19,43.15999984741211
1993-08-20,43.13999938964844
1993-08-23,43.04999923706055
1993-08-24,43.47999954223633
1993-08-25,43.52000045776367
1993-08-26,43.619998931884766
1993-08-27,43.56999969482422
1993-08-30,43.709999084472656
1993-08-31,43.869998931884766
1993-09-01,43.83000183105469
1993-09-02,43.65999984741211
1993-09-03,43.68000030517578
1993-09-07,43.40999984741211
1993-09-08,43.22999954223633
1993-09-09,43.33000183105469
1993-09-10,43.72999954223633
1993-09-13,43.77000045776367
1993-09-14,43.58000183105469
1993-09-15,43.7400016784668
1993-09-16,43.540000915527344
1993-09-17,43.47999954223633
1993-09-20,43.130001068115234
1993-09-21,42.93000030517578
1993-09-22,43.0099983215332
1993-09-23,43.15999984741211
1993-09-24,43.16999816894531
1993-09-27,43.56999969482422
1993-09-28,43.540000915527344
1993-09-29,43.40999984741211
1993-09-30,43.29999923706055
1993-10-01,43.529998779296875
1993-10-04,43.54999923706055
1993-10-05,43.540000915527344
1993-10-06,43.5
1993-10-07,43.349998474121094
1993-10-08,43.459999084472656
1993-10-11,43.52000045776367
1993-10-12,43.540000915527344
1993-10-13,43.56999969482422
1993-10-14,44.08000183105469
1993-10-15,44.33000183105469
1993-10-18,44.2400016784668
1993-10-19,44.029998779296875
1993-10-20,44.0099983215332
1993-10-21,43.939998626708984
1993-10-22,43.75
1993-10-25,43.84000015258789
1993-10-26,43.86000061035156
1993-10-27,43.88999938964844
1993-10-28,44.18000030517578
1993-10-29,44.20000076293945
1993-11-01,44.31999969482422
1993-11-02,44.27000045776367
1993-11-03,43.7599983215332
1993-11-04,43.25
1993-11-05,43.47999954223633
1993-11-08,43.540000915527344
1993-11-09,43.560001373291016
1993-11-10,43.880001068115234
1993-11-11,43.779998779296875
1993-11-12,44.040000915527344
1993-11-15,43.900001525878906
1993-11-16,44.189998626708984
1993-11-17,44.02000045776367
1993-11-18,43.900001525878906
1993-11-19,43.810001373291016
1993-11-22,43.47999954223633
1993-11-23,43.65999984741211
1993-11-24,43.79999923706055
1993-11-26,43.869998931884766
1993-11-29,43.77000045776367
1993-11-30,43.7599983215332
1993-12-01,43.779998779296875
1993-12-02,43.900001525878906
1993-12-03,44.06999969482422
1993-12-06,44.220001220703125
1993-12-07,44.2599983215332
1993-12-08,44.209999084472656
1993-12-09,44.029998779296875
1993-12-10,44.0099983215332
1993-12-13,44.16999816894531
1993-12-14,43.93000030517578
1993-12-15,43.810001373291016
1993-12-16,43.959999084472656
1993-12-17,44.25
1993-12-20,44.20000076293945
1993-12-21,44.13999938964844
1993-12-22,44.34000015258789
1993-12-23,44.34000015258789
1993-12-27,44.66999816894531
1993-12-28,44.709999084472656
1993-12-29,44.209999084472656
1993-12-30,44.029998779296875
1993-12-31,43.83000183105469
1994-01-03,43.7400016784668
1994-01-04,43.88999938964844
1994-01-05,43.959999084472656
1994-01-06,43.91999816894531
1994-01-07,44.18000030517578
1994-01-10,44.68000030517578
1994-01-11,44.58000183105469
1994-01-12,44.58000183105469
1994-01-13,44.41999816894531
1994-01-14,44.65999984741211
1994-01-17,44.5099983215332
1994-01-18,44.599998474121094
1994-01-19,44.599998474121094
1994-01-20,44.65999984741211
1994-01-21,44.63999938964844
1994-01-24,44.38999938964844
1994-01-25,44.290000915527344
1994-01-26,44.5099983215332
1994-01-27,44.869998931884766
1994-01-28,45.029998779296875
1994-01-31,45.310001373291016
1994-02-01,45.130001068115234
1994-02-02,45.36000061035156
1994-02-03,45.2400016784668
1994-02-04,44.2400016784668
1994-02-07,44.43000030517578
1994-02-08,44.369998931884766
1994-02-09,44.540000915527344
1994-02-10,44.18000030517578
1994-02-11,44.310001373291016
1994-02-14,44.31999969482422
1994-02-15,44.54999923706055
1994-02-16,44.56999969482422
1994-02-17,44.34000015258789
1994-02-18,44.099998474121094
1994-02-22,44.459999084472656
1994-02-23,44.400001525878906
1994-02-24,43.790000915527344
1994-02-25,43.959999084472656
1994-02-28,44.08000183105469
1994-03-01,43.81999969482422
1994-03-02,43.880001068115234
1994-03-03,43.709999084472656
1994-03-04,43.880001068115234
1994-03-07,44.09000015258789
1994-03-08,43.9900016784668
1994-03-09,44.119998931884766
1994-03-10,43.81999969482422
1994-03-11,44.06999969482422
1994-03-14,44.150001525878906
1994-03-15,44.119998931884766
1994-03-16,44.349998474121094
1994-03-17,44.5
1994-03-18,44.5099983215332
1994-03-21,44.27000045776367
1994-03-22,44.29999923706055
1994-03-23,43.970001220703125
1994-03-24,43.970001220703125
1994-03-25,43.58000183105469
1994-03-28,43.25
1994-03-29,42.4900016784668
1994-03-30,41.84000015258789
1994-03-31,41.86000061035156
1994-04-04,41.22999954223633
1994-04-05,42.119998931884766
1994-04-06,42.099998474121094
1994-04-07,42.36000061035156
1994-04-08,42.0099983215332
1994-04-11,42.279998779296875
1994-04-12,42.060001373291016
1994-04-13,41.939998626708984
1994-04-14,41.95000076293945
1994-04-15,41.939998626708984
1994-04-18,41.58000183105469
1994-04-19,41.599998474121094
1994-04-20,41.54999923706055
1994-04-21,42.18000030517578
1994-04-22,42.08000183105469
1994-04-25,42.560001373291016
1994-04-26,42.4900016784668
1994-04-28,42.22999954223633
1994-04-29,42.400001525878906
1994-05-02,42.61000061035156
1994-05-03,42.619998931884766
1994-05-04,42.5
1994-05-05,42.47999954223633
1994-05-06,42.150001525878906
1994-05-09,41.66999816894531
1994-05-10,42.0099983215332
1994-05-11,41.59000015258789
1994-05-12,41.810001373291016
1994-05-13,41.84000015258789
1994-05-16,41.88999938964844
1994-05-17,42.36000061035156
1994-05-18,42.77000045776367
1994-05-19,43.029998779296875
1994-05-20,42.900001525878906
1994-05-23,42.7400016784668
1994-05-24,42.900001525878906
1994-05-25,43.060001373291016
1994-05-26,43.130001068115234
1994-05-27,43.15999984741211
1994-05-31,43.08000183105469
1994-06-01,43.189998626708984
1994-06-02,43.209999084472656
1994-06-03,43.439998626708984
1994-06-06,43.34000015258789
1994-06-07,43.279998779296875
1994-06-08,43.16999816894531
1994-06-09,43.2599983215332
1994-06-10,43.34000015258789
1994-06-13,43.38999938964844
1994-06-14,43.689998626708984
1994-06-15,43.52000045776367
1994-06-16,43.65999984741211
1994-06-17,43.33000183105469
1994-06-20,43.04999923706055
1994-06-21,42.65999984741211
1994-06-22,42.599998474121094
1994-06-23,42.279998779296875
1994-06-24,41.650001525878906
1994-06-27,41.650001525878906
1994-06-28,41.97999954223633
1994-06-29,42.130001068115234
1994-06-30,41.810001373291016
1994-07-01,41.9900016784668
1994-07-05,42.029998779296875
1994-07-06,42.0099983215332
1994-07-07,42.220001220703125
1994-07-08,42.33000183105469
1994-07-11,42.189998626708984
1994-07-12,42.18000030517578
1994-07-13,42.2599983215332
1994-07-14,42.70000076293945
1994-07-15,42.77000045776367
1994-07-18,42.77000045776367
1994-07-19,42.75
1994-07-20,42.540000915527344
1994-07-21,42.630001068115234
1994-07-22,42.68000030517578
1994-07-25,42.790000915527344
1994-07-26,42.720001220703125
1994-07-27,42.63999938964844
1994-07-28,42.79999923706055
1994-07-29,43.18000030517578
1994-08-01,43.439998626708984
1994-08-02,43.45000076293945
1994-08-03,43.5099983215332
1994-08-04,43.22999954223633
1994-08-05,43.11000061035156
1994-08-08,43.189998626708984
1994-08-09,43.220001220703125
1994-08-10,43.439998626708984
1994-08-11,43.310001373291016
1994-08-12,43.599998474121094
1994-08-15,43.54999923706055
1994-08-16,43.90999984741211
1994-08-17,43.91999816894531
1994-08-18,43.7400016784668
1994-08-19,43.790000915527344
1994-08-22,43.66999816894531
1994-08-23,43.880001068115234
1994-08-24,44.310001373291016
1994-08-25,44.220001220703125
1994-08-26,44.779998779296875
1994-08-29,44.849998474121094
1994-08-30,45.0
1994-08-31,44.939998626708984
1994-09-01,44.7400016784668
1994-09-02,44.529998779296875
1994-09-06,44.619998931884766
1994-09-07,44.540000915527344
1994-09-08,44.7400016784668
1994-09-09,44.290000915527344
1994-09-12,44.11000061035156
1994-09-13,44.2400016784668
1994-09-14,44.36000061035156
1994-09-15,44.91999816894531
1994-09-16,44.58000183105469
1994-09-19,44.56999969482422
1994-09-20,43.86000061035156
1994-09-21,43.470001220703125
1994-09-22,43.439998626708984
1994-09-23,43.29999923706055
1994-09-26,43.439998626708984
1994-09-27,43.54999923706055
1994-09-28,43.810001373291016
1994-09-29,43.56999969482422
1994-09-30,43.619998931884766
1994-10-03,43.54999923706055
1994-10-04,42.880001068115234
1994-10-05,42.779998779296875
1994-10-06,42.66999816894531
1994-10-07,42.939998626708984
1994-10-10,43.310001373291016
1994-10-11,43.95000076293945
1994-10-12,43.93000030517578
1994-10-13,44.13999938964844
1994-10-14,44.2599983215332
1994-10-17,44.25
1994-10-18,44.13999938964844
1994-10-19,44.380001068115234
1994-10-20,44.04999923706055
1994-10-21,43.869998931884766
1994-10-24,43.4900016784668
1994-10-25,43.560001373291016
1994-10-26,43.66999816894531
1994-10-27,43.970001220703125
1994-10-28,44.72999954223633
1994-10-31,44.599998474121094
1994-11-01,44.2400016784668
1994-11-02,44.060001373291016
1994-11-03,44.20000076293945
1994-11-04,43.689998626708984
1994-11-07,43.779998779296875
1994-11-08,44.029998779296875
1994-11-09,44.0099983215332
1994-11-10,43.91999816894531
1994-11-11,43.72999954223633
1994-11-14,44.09000015258789
1994-11-15,44.09000015258789
1994-11-16,44.04999923706055
1994-11-17,43.86000061035156
1994-11-18,43.86000061035156
1994-11-21,43.369998931884766
1994-11-22,42.58000183105469
1994-11-23,42.59000015258789
1994-11-25,42.59000015258789
1994-11-28,43.0099983215332
1994-11-29,43.11000061035156
1994-11-30,42.970001220703125
1994-12-01,42.52000045776367
1994-12-02,42.939998626708984
1994-12-05,42.959999084472656
1994-12-06,42.959999084472656
1994-12-07,42.7599983215332
1994-12-08,42.209999084472656
1994-12-09,42.380001068115234
1994-12-12,42.61000061035156
1994-12-13,42.689998626708984
1994-12-14,43.130001068115234
1994-12-15,43.16999816894531
1994-12-16,43.5099983215332
1994-12-19,43.43000030517578
1994-12-20,43.349998474121094
1994-12-21,43.59000015258789
1994-12-22,43.59000015258789
1994-12-23,43.63999938964844
1994-12-27,43.88999938964844
1994-12-28,43.11000061035156
1994-12-29,43.13999938964844
1994-12-30,42.970001220703125
1995-01-03,42.959999084472656
1995-01-04,43.130001068115234
1995-01-05,43.09000015258789
1995-01-06,43.119998931884766
1995-01-09,43.13999938964844
1995-01-10,43.220001220703125
1995-01-11,43.22999954223633
1995-01-12,43.220001220703125
1995-01-13,43.630001068115234
1995-01-16,43.959999084472656
1995-01-17,44.0099983215332
1995-01-18,43.9900016784668
1995-01-19,43.72999954223633
1995-01-20,43.529998779296875
1995-01-23,43.619998931884766
1995-01-24,43.630001068115234
1995-01-25,43.779998779296875
1995-01-26,43.869998931884766
1995-01-27,44.060001373291016
1995-01-30,43.900001525878906
1995-01-31,44.08000183105469
1995-02-01,44.08000183105469
1995-02-02,44.310001373291016
1995-02-03,44.869998931884766
1995-02-06,45.119998931884766
1995-02-07,45.099998474121094
1995-02-08,45.130001068115234
1995-02-09,45.04999923706055
1995-02-10,45.18000030517578
1995-02-13,45.209999084472656
1995-02-14,45.29999923706055
1995-02-15,45.4900016784668
1995-02-16,45.4900016784668
1995-02-17,45.2599983215332
1995-02-21,45.33000183105469
1995-02-22,45.560001373291016
1995-02-23,45.7400016784668
1995-02-24,45.86000061035156
1995-02-27,45.459999084472656
1995-02-28,45.790000915527344
1995-03-01,45.650001525878906
1995-03-02,45.59000015258789
1995-03-03,45.630001068115234
1995-03-06,45.65999984741211
1995-03-07,45.34000015258789
1995-03-08,45.41999816894531
1995-03-09,45.45000076293945
1995-03-10,46.060001373291016
1995-03-13,46.11000061035156
1995-03-14,46.369998931884766
1995-03-15,46.279998779296875
1995-03-16,46.61000061035156
1995-03-17,46.619998931884766
1995-03-20,46.68000030517578
1995-03-21,46.58000183105469
1995-03-22,46.41999816894531
1995-03-23,46.439998626708984
1995-03-24,46.90999984741211
1995-03-27,47.13999938964844
1995-03-28,47.209999084472656
1995-03-29,47.13999938964844
1995-03-30,47.060001373291016
1995-03-31,46.91999816894531
1995-04-03,47.029998779296875
1995-04-04,47.36000061035156
1995-04-05,47.400001525878906
1995-04-06,47.45000076293945
1995-04-07,47.4900016784668
1995-04-10,47.54999923706055
1995-04-11,47.40999984741211
1995-04-12,47.560001373291016
1995-04-13,47.7599983215332
1995-04-17,47.470001220703125
1995-04-18,47.40999984741211
1995-04-19,47.36000061035156
1995-04-20,47.400001525878906
1995-04-21,47.689998626708984
1995-04-24,48.119998931884766
1995-04-25,48.04999923706055
1995-04-26,48.099998474121094
1995-04-27,48.189998626708984
1995-04-28,48.29999923706055
1995-05-01,48.27000045776367
1995-05-02,48.33000183105469
1995-05-03,48.86000061035156
1995-05-04,48.880001068115234
1995-05-05,48.849998474121094
1995-05-08,49.220001220703125
1995-05-09,49.20000076293945
1995-05-10,49.279998779296875
1995-05-11,49.290000915527344
1995-05-12,49.400001525878906
1995-05-15,49.619998931884766
1995-05-16,49.66999816894531
1995-05-17,49.560001373291016
1995-05-18,48.86000061035156
1995-05-19,48.849998474121094
1995-05-22,49.27000045776367
1995-05-23,49.72999954223633
1995-05-24,49.7400016784668
1995-05-25,49.75
1995-05-26,49.290000915527344
1995-05-30,49.290000915527344
1995-05-31,50.209999084472656
1995-06-01,50.22999954223633
1995-06-02,50.150001525878906
1995-06-05,50.43000030517578
1995-06-06,50.439998626708984
1995-06-07,50.209999084472656
1995-06-08,50.13999938964844
1995-06-09,49.72999954223633
1995-06-12,50.0099983215332
1995-06-13,50.5099983215332
1995-06-14,50.560001373291016
1995-06-15,50.619998931884766
1995-06-16,50.869998931884766
1995-06-19,51.380001068115234
1995-06-20,51.36000061035156
1995-06-21,51.04999923706055
1995-06-22,51.709999084472656
1995-06-23,51.59000015258789
1995-06-26,51.06999969482422
1995-06-27,50.90999984741211
1995-06-28,51.13999938964844
1995-06-29,51.060001373291016
1995-06-30,51.150001525878906
1995-07-03,51.380001068115234
1995-07-05,51.40999984741211
1995-07-06,52.04999923706055
1995-07-07,52.279998779296875
1995-07-10,52.36000061035156
1995-07-11,52.130001068115234
1995-07-12,52.709999084472656
1995-07-13,52.720001220703125
1995-07-14,52.61000061035156
1995-07-17,52.880001068115234
1995-07-18,52.4900016784668
1995-07-19,51.779998779296875
1995-07-20,52.029998779296875
1995-07-21,52.040000915527344
1995-07-24,52.31999969482422
1995-07-25,52.7400016784668
1995-07-26,52.790000915527344
1995-07-27,53.130001068115234
1995-07-28,52.91999816894531
1995-07-31,52.84000015258789
1995-08-01,52.619998931884766
1995-08-02,52.54999923706055
1995-08-03,52.560001373291016
1995-08-04,52.58000183105469
1995-08-07,52.689998626708984
1995-08-08,52.7400016784668
1995-08-09,52.68000030517578
1995-08-10,52.47999954223633
1995-08-11,52.2599983215332
1995-08-14,52.70000076293945
1995-08-15,52.599998474121094
1995-08-16,52.7400016784668
1995-08-17,52.65999984741211
1995-08-18,52.689998626708984
1995-08-21,52.58000183105469
1995-08-22,52.709999084472656
1995-08-23,52.4900016784668
1995-08-24,52.529998779296875
1995-08-25,52.779998779296875
1995-08-28,52.68000030517578
1995-08-29,52.77000045776367
1995-08-30,52.880001068115234
1995-08-31,52.97999954223633
1995-09-01,53.15999984741211
1995-09-05,53.66999816894531
1995-09-06,53.779998779296875
1995-09-07,53.779998779296875
1995-09-08,54.0
1995-09-11,54.130001068115234
1995-09-12,54.369998931884766
1995-09-13,54.61000061035156
1995-09-14,55.06999969482422
1995-09-15,55.040000915527344
1995-09-18,55.0
1995-09-19,55.13999938964844
1995-09-20,55.380001068115234
1995-09-21,55.029998779296875
1995-09-22,54.91999816894531
1995-09-25,54.91999816894531
1995-09-26,54.68000030517578
1995-09-27,54.66999816894531
1995-09-28,55.119998931884766
1995-09-29,54.9900016784668
1995-10-02,54.7400016784668
1995-10-03,54.790000915527344
1995-10-04,54.720001220703125
1995-10-05,54.84000015258789
1995-10-06,54.83000183105469
1995-10-09,54.45000076293945
1995-10-10,54.36000061035156
1995-10-11,54.54999923706055
1995-10-12,54.900001525878906
1995-10-13,55.029998779296875
1995-10-16,54.88999938964844
1995-10-17,55.2400016784668
1995-10-18,55.31999969482422
1995-10-19,55.630001068115234
1995-10-20,55.31999969482422
1995-10-23,55.09000015258789
1995-10-24,55.22999954223633
1995-10-25,54.86000061035156
1995-10-26,54.31999969482422
1995-10-27,54.599998474121094
1995-10-30,54.95000076293945
1995-10-31,54.790000915527344
1995-11-01,55.04999923706055
1995-11-02,55.58000183105469
1995-11-03,55.65999984741211
1995-11-06,55.47999954223633
1995-11-07,55.279998779296875
1995-11-08,55.790000915527344
1995-11-09,55.95000076293945
1995-11-10,55.90999984741211
1995-11-13,55.880001068115234
1995-11-14,55.61000061035156
1995-11-15,56.04999923706055
1995-11-16,56.380001068115234
1995-11-17,56.630001068115234
1995-11-20,56.34000015258789
1995-11-21,56.65999984741211
1995-11-22,56.5
1995-11-24,56.63999938964844
1995-11-27,56.779998779296875
1995-11-28,57.2599983215332
1995-11-29,57.38999938964844
1995-11-30,57.189998626708984
1995-12-01,57.349998474121094
1995-12-04,57.97999954223633
1995-12-05,58.369998931884766
1995-12-06,58.61000061035156
1995-12-07,58.2400016784668
1995-12-08,58.36000061035156
1995-12-11,58.560001373291016
1995-12-12,58.47999954223633
1995-12-13,58.779998779296875
1995-12-14,58.34000015258789
1995-12-15,58.279998779296875
1995-12-18,57.38999938964844
1995-12-19,57.869998931884766
1995-12-20,57.310001373291016
1995-12-21,57.7400016784668
1995-12-22,57.18000030517578
1995-12-26,57.40999984741211
1995-12-27,57.470001220703125
1995-12-28,57.41999816894531
1995-12-29,57.599998474121094
1996-01-02,58.04999923706055
1996-01-03,58.119998931884766
1996-01-04,57.779998779296875
1996-01-05,57.68000030517578
1996-01-08,57.86000061035156
1996-01-09,57.029998779296875
1996-01-10,56.0
1996-01-11,56.400001525878906
1996-01-12,56.31999969482422
1996-01-15,56.130001068115234
1996-01-16,56.939998626708984
1996-01-17,56.75
1996-01-18,56.93000030517578
1996-01-19,57.27000045776367
1996-01-22,57.40999984741211
1996-01-23,57.36000061035156
1996-01-24,58.02000045776367
1996-01-25,57.7599983215332
1996-01-26,58.18000030517578
1996-01-29,58.439998626708984
1996-01-30,58.9900016784668
1996-01-31,59.54999923706055
1996-02-01,59.790000915527344
1996-02-02,59.560001373291016
1996-02-05,60.06999969482422
1996-02-06,60.540000915527344
1996-02-07,60.88999938964844
1996-02-08,61.470001220703125
1996-02-09,61.5099983215332
1996-02-12,61.9900016784668
1996-02-13,61.91999816894531
1996-02-14,61.459999084472656
1996-02-15,61.06999969482422
1996-02-16,60.77000045776367
1996-02-20,60.08000183105469
1996-02-21,60.790000915527344
1996-02-22,61.79999923706055
1996-02-23,61.81999969482422
1996-02-26,61.02000045776367
1996-02-27,60.720001220703125
1996-02-28,60.4900016784668
1996-02-29,60.099998474121094
1996-03-01,60.470001220703125
1996-03-04,61.09000015258789
1996-03-05,61.54999923706055
1996-03-06,61.220001220703125
1996-03-07,61.380001068115234
1996-03-08,59.4900016784668
1996-03-11,60.099998474121094
1996-03-12,59.83000183105469
1996-03-13,59.9900016784668
1996-03-14,60.220001220703125
1996-03-15,60.27000045776367
1996-03-18,61.33000183105469
1996-03-19,61.2400016784668
1996-03-20,61.08000183105469
1996-03-21,61.0099983215332
1996-03-22,61.13999938964844
1996-03-25,61.09000015258789
1996-03-26,61.11000061035156
1996-03-27,60.7400016784668
1996-03-28,60.75
1996-03-29,60.43000030517578
1996-04-01,61.20000076293945
1996-04-02,61.349998474121094
1996-04-03,61.40999984741211
1996-04-04,61.41999816894531
1996-04-08,60.349998474121094
1996-04-09,60.15999984741211
1996-04-10,59.34000015258789
1996-04-11,59.130001068115234
1996-04-12,59.63999938964844
1996-04-15,60.189998626708984
1996-04-16,60.41999816894531
1996-04-17,60.11000061035156
1996-04-18,60.29999923706055
1996-04-19,60.439998626708984
1996-04-22,60.70000076293945
1996-04-23,61.04999923706055
1996-04-24,60.91999816894531
1996-04-25,61.16999816894531
1996-04-26,61.2400016784668
1996-04-29,61.29999923706055
1996-04-30,61.310001373291016
1996-05-01,61.36000061035156
1996-05-02,60.31999969482422
1996-05-03,60.150001525878906
1996-05-06,60.09000015258789
1996-05-07,59.849998474121094
1996-05-08,60.470001220703125
1996-05-09,60.54999923706055
1996-05-10,61.18000030517578
1996-05-13,62.06999969482422
1996-05-14,62.470001220703125
1996-05-15,62.459999084472656
1996-05-16,62.40999984741211
1996-05-17,62.81999969482422
1996-05-20,63.220001220703125
1996-05-21,63.189998626708984
1996-05-22,63.72999954223633
1996-05-23,63.5
1996-05-24,63.7400016784668
1996-05-28,63.150001525878906
1996-05-29,62.7599983215332
1996-05-30,63.119998931884766
1996-05-31,62.869998931884766
1996-06-03,62.75
1996-06-04,63.20000076293945
1996-06-05,63.779998779296875
1996-06-06,63.279998779296875
1996-06-07,63.29999923706055
1996-06-10,63.20000076293945
1996-06-11,63.09000015258789
1996-06-12,62.939998626708984
1996-06-13,62.83000183105469
1996-06-14,62.63999938964844
1996-06-17,62.58000183105469
1996-06-18,62.279998779296875
1996-06-19,62.27000045776367
1996-06-20,62.290000915527344
1996-06-21,62.7400016784668
1996-06-24,62.91999816894531
1996-06-25,62.68000030517578
1996-06-26,62.310001373291016
1996-06-27,62.689998626708984
1996-06-28,62.88999938964844
1996-07-01,63.38999938964844
1996-07-02,63.189998626708984
1996-07-03,63.08000183105469
1996-07-05,61.68000030517578
1996-07-08,61.22999954223633
1996-07-09,61.45000076293945
1996-07-10,61.56999969482422
1996-07-11,60.61000061035156
1996-07-12,60.63999938964844
1996-07-15,59.11000061035156
1996-07-16,58.970001220703125
1996-07-17,59.52000045776367
1996-07-18,60.40999984741211
1996-07-19,59.970001220703125
1996-07-22,59.4900016784668
1996-07-23,58.849998474121094
1996-07-24,58.81999969482422
1996-07-25,59.2599983215332
1996-07-26,59.70000076293945
1996-07-29,59.2400016784668
1996-07-30,59.650001525878906
1996-07-31,60.11000061035156
1996-08-01,61.060001373291016
1996-08-02,62.25
1996-08-05,62.029998779296875
1996-08-06,62.22999954223633
1996-08-07,62.400001525878906
1996-08-08,62.27000045776367
1996-08-09,62.27000045776367
1996-08-12,62.58000183105469
1996-08-13,62.08000183105469
1996-08-14,62.2599983215332
1996-08-15,62.290000915527344
1996-08-16,62.56999969482422
1996-08-19,62.689998626708984
1996-08-20,62.619998931884766
1996-08-21,62.560001373291016
1996-08-22,63.09000015258789
1996-08-23,62.7599983215332
1996-08-26,62.470001220703125
1996-08-27,62.689998626708984
1996-08-28,62.560001373291016
1996-08-29,61.880001068115234
1996-08-30,61.369998931884766
1996-09-03,61.619998931884766
1996-09-04,61.72999954223633
1996-09-05,61.15999984741211
1996-09-06,61.75
1996-09-09,62.5099983215332
1996-09-10,62.52000045776367
1996-09-11,62.849998474121094
1996-09-12,63.2400016784668
1996-09-13,64.12999725341797
1996-09-16,64.47000122070312
1996-09-17,64.37000274658203
1996-09-18,64.23999786376953
1996-09-19,64.37999725341797
1996-09-20,64.76000213623047
1996-09-23,64.70999908447266
1996-09-24,64.62000274658203
1996-09-25,64.43000030517578
1996-09-26,64.45999908447266
1996-09-27,64.48999786376953
1996-09-30,64.58999633789062
1996-10-01,64.76000213623047
1996-10-02,65.2300033569336
1996-10-03,65.12999725341797
1996-10-04,65.94000244140625
1996-10-07,66.12000274658203
1996-10-08,65.87999725341797
1996-10-09,65.5199966430664
1996-10-10,65.33000183105469
1996-10-11,65.88999938964844
1996-10-14,66.16999816894531
1996-10-15,66.08000183105469
1996-10-16,66.26000213623047
1996-10-17,66.51000213623047
1996-10-18,66.87000274658203
1996-10-21,66.77999877929688
1996-10-22,66.47000122070312
1996-10-23,66.54000091552734
1996-10-24,66.05999755859375
1996-10-25,65.94000244140625
1996-10-28,65.58999633789062
1996-10-29,66.0
1996-10-30,65.94999694824219
1996-10-31,66.37000274658203
1996-11-01,66.2300033569336
1996-11-04,66.5199966430664
1996-11-05,67.22000122070312
1996-11-06,68.20999908447266
1996-11-07,68.5199966430664
1996-11-08,68.81999969482422
1996-11-11,68.91999816894531
1996-11-12,68.70999908447266
1996-11-13,68.87999725341797
1996-11-14,69.33000183105469
1996-11-15,69.51000213623047
1996-11-18,69.44999694824219
1996-11-19,69.93000030517578
1996-11-20,70.12000274658203
1996-11-21,70.01000213623047
1996-11-22,70.56999969482422
1996-11-25,71.36000061035156
1996-11-26,71.2699966430664
1996-11-27,71.19000244140625
1996-11-29,71.38999938964844
1996-12-02,71.33999633789062
1996-12-03,70.55999755859375
1996-12-04,70.29000091552734
1996-12-05,70.22000122070312
1996-12-06,69.77999877929688
1996-12-09,70.73999786376953
1996-12-10,70.52999877929688
1996-12-11,69.9000015258789
1996-12-12,68.8499984741211
1996-12-13,68.77999877929688
1996-12-16,68.05000305175781
1996-12-17,68.52999877929688
1996-12-18,69.05000305175781
1996-12-19,70.41000366210938
1996-12-20,69.86000061035156
1996-12-23,69.69000244140625
1996-12-24,70.06999969482422
1996-12-26,70.51000213623047
1996-12-27,70.63999938964844
1996-12-30,70.37000274658203
1996-12-31,69.16000366210938
1997-01-02,68.83000183105469
1997-01-03,69.8499984741211
1997-01-06,69.81999969482422
1997-01-07,70.33999633789062
1997-01-08,69.91999816894531
1997-01-09,70.51000213623047
1997-01-10,70.94999694824219
1997-01-13,70.95999908447266
1997-01-14,71.83000183105469
1997-01-15,71.68000030517578
1997-01-16,71.91000366210938
1997-01-17,72.5199966430664
1997-01-20,72.56999969482422
1997-01-21,73.12000274658203
1997-01-22,73.45999908447266
1997-01-23,72.66000366210938
1997-01-24,72.0
1997-01-27,71.4800033569336
1997-01-28,71.4800033569336
1997-01-29,72.19999694824219
1997-01-30,73.29000091552734
1997-01-31,73.47000122070312
1997-02-03,73.54000091552734
1997-02-04,73.79000091552734
1997-02-05,72.7699966430664
1997-02-06,72.95999908447266
1997-02-07,73.8499984741211
1997-02-10,73.47000122070312
1997-02-11,73.8499984741211
1997-02-12,75.0999984741211
1997-02-13,75.95999908447266
1997-02-14,75.6500015258789
1997-02-18,76.38999938964844
1997-02-19,76.04000091552734
1997-02-20,75.13999938964844
1997-02-21,75.05000305175781
1997-02-24,75.83999633789062
1997-02-25,76.0199966430664
1997-02-26,75.41999816894531
1997-02-27,74.45999908447266
1997-02-28,74.05000305175781
1997-03-03,74.47000122070312
1997-03-04,74.06999969482422
1997-03-05,75.12000274658203
1997-03-06,74.81999969482422
1997-03-07,75.41000366210938
1997-03-10,76.22000122070312
1997-03-11,76.0199966430664
1997-03-12,75.37000274658203
1997-03-13,74.0
1997-03-14,74.3499984741211
1997-03-17,74.58999633789062
1997-03-18,74.0199966430664
1997-03-19,73.6500015258789
1997-03-20,73.36000061035156
1997-03-21,73.5
1997-03-24,74.13999938964844
1997-03-25,73.66000366210938
1997-03-26,73.80999755859375
1997-03-27,72.26000213623047
1997-03-31,70.69000244140625
1997-04-01,70.93000030517578
1997-04-02,70.05000305175781
1997-04-03,70.05999755859375
1997-04-04,70.7699966430664
1997-04-07,71.16999816894531
1997-04-08,71.56999969482422
1997-04-09,71.05999755859375
1997-04-10,70.8499984741211
1997-04-11,68.91000366210938
1997-04-14,69.4800033569336
1997-04-15,70.51000213623047
1997-04-16,71.33000183105469
1997-04-17,71.16999816894531
1997-04-18,71.5999984741211
1997-04-21,71.05000305175781
1997-04-22,72.37999725341797
1997-04-23,72.29000091552734
1997-04-24,72.06999969482422
1997-04-25,71.5199966430664
1997-04-28,72.2300033569336
1997-04-29,74.20999908447266
1997-04-30,74.9000015258789
1997-05-01,74.6500015258789
1997-05-02,76.0
1997-05-05,77.62000274658203
1997-05-06,77.4000015258789
1997-05-07,76.2699966430664
1997-05-08,76.69999694824219
1997-05-09,77.1500015258789
1997-05-12,78.36000061035156
1997-05-13,77.94999694824219
1997-05-14,78.2300033569336
1997-05-15,78.80000305175781
1997-05-16,77.68000030517578
1997-05-19,78.01000213623047
1997-05-20,78.80000305175781
1997-05-21,78.58999633789062
1997-05-22,78.25
1997-05-23,79.30999755859375
1997-05-27,79.55999755859375
1997-05-28,79.3499984741211
1997-05-29,79.06999969482422
1997-05-30,79.45999908447266
1997-06-02,79.27999877929688
1997-06-03,79.19000244140625
1997-06-04,78.72000122070312
1997-06-05,79.04000091552734
1997-06-06,80.41000366210938
1997-06-09,80.87000274658203
1997-06-10,81.08999633789062
1997-06-11,81.5
1997-06-12,82.83000183105469
1997-06-13,83.73999786376953
1997-06-16,83.80000305175781
1997-06-17,83.8499984741211
1997-06-18,83.36000061035156
1997-06-19,84.19999694824219
1997-06-20,84.26000213623047
1997-06-23,82.37000274658203
1997-06-24,84.04000091552734
1997-06-25,83.08000183105469
1997-06-26,82.61000061035156
1997-06-27,82.94999694824219
1997-06-30,82.7300033569336
1997-07-01,83.30999755859375
1997-07-02,84.54000091552734
1997-07-03,85.75
1997-07-07,85.30000305175781
1997-07-08,85.93000030517578
1997-07-09,84.88999938964844
1997-07-10,85.4800033569336
1997-07-11,85.75
1997-07-14,85.91999816894531
1997-07-15,86.61000061035156
1997-07-16,87.62000274658203
1997-07-17,87.16000366210938
1997-07-18,85.62000274658203
1997-07-21,85.4000015258789
1997-07-22,87.37999725341797
1997-07-23,87.62000274658203
1997-07-24,87.97000122070312
1997-07-25,87.83000183105469
1997-07-28,87.62000274658203
1997-07-29,88.16000366210938
1997-07-30,89.12000274658203
1997-07-31,89.31999969482422
1997-08-01,88.66999816894531
1997-08-04,88.95999908447266
1997-08-05,89.1500015258789
1997-08-06,89.9000015258789
1997-08-07,89.05999755859375
1997-08-08,87.4000015258789
1997-08-11,87.75
1997-08-12,86.7699966430664
1997-08-13,86.37000274658203
1997-08-14,86.62999725341797
1997-08-15,84.37999725341797
1997-08-18,85.48999786376953
1997-08-19,86.76000213623047
1997-08-20,88.0199966430664
1997-08-21,86.68000030517578
1997-08-22,86.54000091552734
1997-08-25,86.22000122070312
1997-08-26,85.54000091552734
1997-08-27,85.62999725341797
1997-08-28,84.69000244140625
1997-08-29,84.30999755859375
1997-09-02,86.95999908447266
1997-09-03,86.98999786376953
1997-09-04,87.27999877929688
1997-09-05,87.11000061035156
1997-09-08,87.31999969482422
1997-09-09,87.54000091552734
1997-09-10,86.16999816894531
1997-09-11,85.58999633789062
1997-09-12,86.66999816894531
1997-09-15,86.30999755859375
1997-09-16,88.72000122070312
1997-09-17,88.48999786376953
1997-09-18,88.88999938964844
1997-09-19,89.19000244140625
1997-09-22,89.66000366210938
1997-09-23,89.33000183105469
1997-09-24,88.36000061035156
1997-09-25,87.73999786376953
1997-09-26,88.44999694824219
1997-09-29,89.20999908447266
1997-09-30,88.6500015258789
1997-10-01,89.41999816894531
1997-10-02,89.9000015258789
1997-10-03,90.31999969482422
1997-10-06,91.04000091552734
1997-10-07,92.0199966430664
1997-10-08,91.18000030517578
1997-10-09,90.87999725341797
1997-10-10,90.55000305175781
1997-10-13,90.63999938964844
1997-10-14,90.8499984741211
1997-10-15,90.41999816894531
1997-10-16,89.44000244140625
1997-10-17,88.4000015258789
1997-10-20,89.47000122070312
1997-10-21,91.04000091552734
1997-10-22,90.69000244140625
1997-10-23,89.02999877929688
1997-10-24,88.18000030517578
1997-10-27,82.08999633789062
1997-10-28,86.31999969482422
1997-10-29,86.08999633789062
1997-10-30,84.6500015258789
1997-10-31,85.68000030517578
1997-11-03,87.97000122070312
1997-11-04,88.12999725341797
1997-11-05,88.33000183105469
1997-11-06,87.9000015258789
1997-11-07,86.91999816894531
1997-11-10,86.33999633789062
1997-11-11,86.58000183105469
1997-11-12,84.93000030517578
1997-11-13,85.93000030517578
1997-11-14,87.04000091552734
1997-11-17,88.72000122070312
1997-11-18,87.9800033569336
1997-11-19,88.58999633789062
1997-11-20,89.94000244140625
1997-11-21,90.33000183105469
1997-11-24,88.79000091552734
1997-11-25,89.18000030517578
1997-11-26,89.27999877929688
1997-11-28,89.62000274658203
1997-12-01,91.44999694824219
1997-12-02,91.16999816894531
1997-12-03,91.66000366210938
1997-12-04,91.33000183105469
1997-12-05,92.31999969482422
1997-12-08,92.19999694824219
1997-12-09,91.58000183105469
1997-12-10,91.0199966430664
1997-12-11,89.6500015258789
1997-12-12,89.5
1997-12-15,90.44000244140625
1997-12-16,90.87999725341797
1997-12-17,90.6500015258789
1997-12-18,89.69999694824219
1997-12-19,88.9000015258789
1997-12-22,89.54000091552734
1997-12-23,87.11000061035156
1997-12-24,86.52999877929688
1997-12-26,86.86000061035156
1997-12-29,88.4800033569336
1997-12-30,90.11000061035156
1997-12-31,90.06999969482422
1998-01-02,90.5
1998-01-05,90.69000244140625
1998-01-06,89.72000122070312
1998-01-07,89.51000213623047
1998-01-08,88.76000213623047
1998-01-09,86.12999725341797
1998-01-12,87.19999694824219
1998-01-13,88.4000015258789
1998-01-14,88.94999694824219
1998-01-15,88.27999877929688
1998-01-16,89.29000091552734
1998-01-20,90.87000274658203
1998-01-21,90.1500015258789
1998-01-22,89.43000030517578
1998-01-23,88.93000030517578
1998-01-26,88.87000274658203
1998-01-27,89.98999786376953
1998-01-28,90.79000091552734
1998-01-29,91.54000091552734
1998-01-30,91.06999969482422
1998-02-02,93.01000213623047
1998-02-03,93.45999908447266
1998-02-04,93.55000305175781
1998-02-05,93.26000213623047
1998-02-06,94.0999984741211
1998-02-09,93.94999694824219
1998-02-10,94.72000122070312
1998-02-11,94.83000183105469
1998-02-12,95.22000122070312
1998-02-13,94.83999633789062
1998-02-17,95.0999984741211
1998-02-18,95.9800033569336
1998-02-19,95.63999938964844
1998-02-20,96.19000244140625
1998-02-23,96.55999755859375
1998-02-24,95.8499984741211
1998-02-25,97.01000213623047
1998-02-26,97.55999755859375
1998-02-27,97.62000274658203
1998-03-02,97.47000122070312
1998-03-03,97.87999725341797
1998-03-04,97.45999908447266
1998-03-05,96.33000183105469
1998-03-06,98.26000213623047
1998-03-09,97.94000244140625
1998-03-10,99.05999755859375
1998-03-11,99.47000122070312
1998-03-12,99.62000274658203
1998-03-13,99.48999786376953
1998-03-16,100.48999786376953
1998-03-17,100.5999984741211
1998-03-18,101.06999969482422
1998-03-19,101.47000122070312
1998-03-20,102.3499984741211
1998-03-23,102.01000213623047
1998-03-24,102.94999694824219
1998-03-25,102.61000061035156
1998-03-26,102.5
1998-03-27,101.62999725341797
1998-03-30,101.44999694824219
1998-03-31,102.20999908447266
1998-04-01,102.81999969482422
1998-04-02,103.91999816894531
1998-04-03,104.16999816894531
1998-04-06,104.04000091552734
1998-04-07,102.9800033569336
1998-04-08,102.23999786376953
1998-04-09,103.08999633789062
1998-04-13,103.0
1998-04-14,103.55999755859375
1998-04-15,103.9000015258789
1998-04-16,102.86000061035156
1998-04-17,104.20999908447266
1998-04-20,104.29000091552734
1998-04-21,104.58000183105469
1998-04-22,104.94999694824219
1998-04-23,103.93000030517578
1998-04-24,102.83999633789062
1998-04-27,100.86000061035156
1998-04-28,100.73999786376953
1998-04-29,101.62999725341797
1998-04-30,103.23999786376953
1998-05-01,104.0999984741211
1998-05-04,104.19000244140625
1998-05-05,103.58000183105469
1998-05-06,102.62000274658203
1998-05-07,101.72000122070312
1998-05-08,102.93000030517578
1998-05-11,102.80999755859375
1998-05-12,103.69000244140625
1998-05-13,104.0
1998-05-14,103.86000061035156
1998-05-15,103.05999755859375
1998-05-18,102.80000305175781
1998-05-19,103.1500015258789
1998-05-20,104.04000091552734
1998-05-21,103.62999725341797
1998-05-22,103.25
1998-05-26,101.70999908447266
1998-05-27,101.55999755859375
1998-05-28,102.06999969482422
1998-05-29,101.44000244140625
1998-06-01,101.47000122070312
1998-06-02,101.66999816894531
1998-06-03,100.70999908447266
1998-06-04,101.83999633789062
1998-06-05,103.62000274658203
1998-06-08,103.79000091552734
1998-06-09,104.04000091552734
1998-06-10,103.4800033569336
1998-06-11,101.86000061035156
1998-06-12,102.26000213623047
1998-06-15,100.2300033569336
1998-06-16,101.22000122070312
1998-06-17,103.04000091552734
1998-06-18,102.97000122070312
1998-06-19,102.44000244140625
1998-06-22,102.68000030517578
1998-06-23,104.19999694824219
1998-06-24,105.44999694824219
1998-06-25,105.12000274658203
1998-06-26,105.22000122070312
1998-06-29,105.72000122070312
1998-06-30,105.30000305175781
1998-07-01,106.68000030517578
1998-07-02,106.4800033569336
1998-07-06,107.51000213623047
1998-07-07,107.26000213623047
1998-07-08,108.37000274658203
1998-07-09,107.6500015258789
1998-07-10,108.19000244140625
1998-07-13,108.2699966430664
1998-07-14,109.41999816894531
1998-07-15,109.16999816894531
1998-07-16,110.02999877929688
1998-07-17,110.27999877929688
1998-07-20,110.04000091552734
1998-07-21,108.2699966430664
1998-07-22,108.19000244140625
1998-07-23,105.93000030517578
1998-07-24,106.0199966430664
1998-07-27,106.62000274658203
1998-07-28,105.04000091552734
1998-07-29,104.58999633789062
1998-07-30,106.26000213623047
1998-07-31,104.19000244140625
1998-08-03,103.41999816894531
1998-08-04,99.68000030517578
1998-08-05,100.55999755859375
1998-08-06,101.33000183105469
1998-08-07,101.30999755859375
1998-08-10,100.7300033569336
1998-08-11,99.44000244140625
1998-08-12,100.87000274658203
1998-08-13,100.01000213623047
1998-08-14,98.87000274658203
1998-08-17,100.83000183105469
1998-08-18,102.47000122070312
1998-08-19,102.19000244140625
1998-08-20,101.58999633789062
1998-08-21,100.62999725341797
1998-08-24,101.2699966430664
1998-08-25,101.70999908447266
1998-08-26,100.91000366210938
1998-08-27,97.04000091552734
1998-08-28,95.62999725341797
1998-08-31,89.11000061035156
1998-09-01,92.56999969482422
1998-09-02,92.2300033569336
1998-09-03,91.47000122070312
1998-09-04,90.69999694824219
1998-09-08,95.31999969482422
1998-09-09,93.70999908447266
1998-09-10,91.30000305175781
1998-09-11,94.0
1998-09-14,95.94999694824219
1998-09-15,96.69000244140625
1998-09-16,97.43000030517578
1998-09-17,94.95999908447266
1998-09-18,95.06999969482422
1998-09-21,95.41999816894531
1998-09-22,95.95999908447266
1998-09-23,99.36000061035156
1998-09-24,97.18000030517578
1998-09-25,97.0999984741211
1998-09-28,97.5
1998-09-29,97.52999877929688
1998-09-30,94.55999755859375
1998-10-01,91.7300033569336
1998-10-02,93.25
1998-10-05,91.94000244140625
1998-10-06,91.58000183105469
1998-10-07,90.31999969482422
1998-10-08,89.27999877929688
1998-10-09,91.5999984741211
1998-10-12,92.83000183105469
1998-10-13,92.56999969482422
1998-10-14,93.56999969482422
1998-10-15,97.4800033569336
1998-10-16,98.30999755859375
1998-10-19,98.86000061035156
1998-10-20,99.01000213623047
1998-10-21,99.56999969482422
1998-10-22,100.37000274658203
1998-10-23,99.63999938964844
1998-10-26,99.79000091552734
1998-10-27,99.13999938964844
1998-10-28,99.41999816894531
1998-10-29,101.08999633789062
1998-10-30,102.27999877929688
1998-11-02,103.4800033569336
1998-11-03,103.41000366210938
1998-11-04,104.1500015258789
1998-11-05,105.56999969482422
1998-11-06,106.25
1998-11-09,105.26000213623047
1998-11-10,105.08999633789062
1998-11-11,104.41999816894531
1998-11-12,104.12999725341797
1998-11-13,104.9000015258789
1998-11-16,104.9000015258789
1998-11-17,106.16999816894531
1998-11-18,106.66999816894531
1998-11-19,107.43000030517578
1998-11-20,108.44999694824219
1998-11-23,110.75
1998-11-24,110.2699966430664
1998-11-25,110.63999938964844
1998-11-27,111.16999816894531
1998-11-30,108.48999786376953
1998-12-01,109.58000183105469
1998-12-02,109.2300033569336
1998-12-03,107.2699966430664
1998-12-04,109.73999786376953
1998-12-07,110.76000213623047
1998-12-08,110.18000030517578
1998-12-09,110.38999938964844
1998-12-10,108.66999816894531
1998-12-11,108.81999969482422
1998-12-14,106.45999908447266
1998-12-15,108.4800033569336
1998-12-16,108.4000015258789
1998-12-17,110.0999984741211
1998-12-18,110.8499984741211
1998-12-21,112.25
1998-12-22,111.5
1998-12-23,113.81999969482422
1998-12-24,113.61000061035156
1998-12-28,113.55000305175781
1998-12-29,115.08999633789062
1998-12-30,114.18000030517578
1998-12-31,113.94999694824219
1999-01-04,113.87999725341797
1999-01-05,115.43000030517578
1999-01-06,118.0
1999-01-07,117.7699966430664
1999-01-08,118.2699966430664
1999-01-11,117.2300033569336
1999-01-12,114.97000122070312
1999-01-13,114.5
1999-01-14,112.44000244140625
1999-01-15,115.31999969482422
1999-01-19,116.12999725341797
1999-01-20,116.58000183105469
1999-01-21,114.58000183105469
1999-01-22,113.66000366210938
1999-01-25,114.4800033569336
1999-01-26,116.18000030517578
1999-01-27,115.33999633789062
1999-01-28,117.41000366210938
1999-01-29,118.73999786376953
1999-02-01,118.12000274658203
1999-02-02,117.0999984741211
1999-02-03,118.05000305175781
1999-02-04,115.87999725341797
1999-02-05,115.02999877929688
1999-02-08,115.44999694824219
1999-02-09,112.88999938964844
1999-02-10,113.5999984741211
1999-02-11,116.44000244140625
1999-02-12,114.22000122070312
1999-02-16,115.30999755859375
1999-02-17,113.66000366210938
1999-02-18,114.9000015258789
1999-02-19,115.08000183105469
1999-02-22,118.13999938964844
1999-02-23,118.05000305175781
1999-02-24,116.41000366210938
1999-02-25,115.6500015258789
1999-02-26,115.02999877929688
1999-03-01,114.83999633789062
1999-03-02,113.8499984741211
1999-03-03,114.08000183105469
1999-03-04,115.8499984741211
1999-03-05,118.52999877929688
1999-03-08,119.20999908447266
1999-03-09,118.94000244140625
1999-03-10,119.5999984741211
1999-03-11,120.63999938964844
1999-03-12,120.3499984741211
1999-03-15,121.52999877929688
1999-03-16,121.44999694824219
1999-03-17,120.66000366210938
1999-03-18,122.41000366210938
1999-03-19,120.80000305175781
1999-03-22,120.58999633789062
1999-03-23,117.3499984741211
1999-03-24,117.94999694824219
1999-03-25,119.94000244140625
1999-03-26,118.55000305175781
1999-03-29,121.08999633789062
1999-03-30,120.2300033569336
1999-03-31,118.9000015258789
1999-04-01,119.58000183105469
1999-04-05,122.12000274658203
1999-04-06,121.81999969482422
1999-04-07,122.68000030517578
1999-04-08,124.26000213623047
1999-04-09,124.66000366210938
1999-04-12,125.62000274658203
1999-04-13,124.80000305175781
1999-04-14,122.83000183105469
1999-04-15,122.30999755859375
1999-04-16,121.94999694824219
1999-04-19,119.2300033569336
1999-04-20,120.7699966430664
1999-04-21,123.55000305175781
1999-04-22,125.6500015258789
1999-04-23,125.45999908447266
1999-04-26,125.76000213623047
1999-04-27,126.01000213623047
1999-04-28,124.91999816894531
1999-04-29,124.19000244140625
1999-04-30,123.4800033569336
1999-05-03,125.27999877929688
1999-05-04,123.19000244140625
1999-05-05,124.62999725341797
1999-05-06,123.2300033569336
1999-05-07,124.41999816894531
1999-05-10,123.98999786376953
1999-05-11,125.41000366210938
1999-05-12,126.22000122070312
1999-05-13,126.55000305175781
1999-05-14,123.79000091552734
1999-05-17,123.94999694824219
1999-05-18,123.38999938964844
1999-05-19,124.4000015258789
1999-05-20,123.91000366210938
1999-05-21,123.12000274658203
1999-05-24,120.93000030517578
1999-05-25,118.87000274658203
1999-05-26,120.77999877929688
1999-05-27,118.6500015258789
1999-05-28,120.52999877929688
1999-06-01,119.83999633789062
1999-06-02,119.91000366210938
1999-06-03,120.3499984741211
1999-06-04,122.97000122070312
1999-06-07,123.5999984741211
1999-06-08,122.01000213623047
1999-06-09,122.13999938964844
1999-06-10,120.66999816894531
1999-06-11,119.8499984741211
1999-06-14,119.87999725341797
1999-06-15,120.55000305175781
1999-06-16,123.26000213623047
1999-06-17,124.13999938964844
1999-06-18,124.41000366210938
1999-06-21,124.98999786376953
1999-06-22,123.77999877929688
1999-06-23,123.5199966430664
1999-06-24,121.91999816894531
1999-06-25,121.5
1999-06-28,122.98999786376953
1999-06-29,124.8499984741211
1999-06-30,126.83000183105469
1999-07-01,127.5999984741211
1999-07-02,128.5500030517578
1999-07-06,128.27999877929688
1999-07-07,129.02000427246094
1999-07-08,128.88999938964844
1999-07-09,129.7100067138672
1999-07-12,129.32000732421875
1999-07-13,128.80999755859375
1999-07-14,129.24000549316406
1999-07-15,130.3000030517578
1999-07-16,131.14999389648438
1999-07-19,130.1199951171875
1999-07-20,127.30000305175781
1999-07-21,127.51000213623047
1999-07-22,125.81999969482422
1999-07-23,125.44000244140625
1999-07-26,124.58999633789062
1999-07-27,125.9800033569336
1999-07-28,126.2300033569336
1999-07-29,124.0
1999-07-30,122.86000061035156
1999-08-02,122.80000305175781
1999-08-03,122.26000213623047
1999-08-04,120.72000122070312
1999-08-05,121.51000213623047
1999-08-06,120.29000091552734
1999-08-09,120.06999969482422
1999-08-10,118.56999969482422
1999-08-11,120.48999786376953
1999-08-12,120.1500015258789
1999-08-13,122.87999725341797
1999-08-16,123.16999816894531
1999-08-17,124.41000366210938
1999-08-18,123.37000274658203
1999-08-19,122.5199966430664
1999-08-20,123.72000122070312
1999-08-23,125.91000366210938
1999-08-24,126.22000122070312
1999-08-25,127.91000366210938
1999-08-26,126.08000183105469
1999-08-27,124.81999969482422
1999-08-30,122.58999633789062
1999-08-31,122.25
1999-09-01,123.2699966430664
1999-09-02,122.16000366210938
1999-09-03,125.69999694824219
1999-09-07,125.08000183105469
1999-09-08,124.5
1999-09-09,124.83000183105469
1999-09-10,125.19999694824219
1999-09-13,124.52999877929688
1999-09-14,123.80000305175781
1999-09-15,122.11000061035156
1999-09-16,122.16000366210938
1999-09-17,123.7300033569336
1999-09-20,123.73999786376953
1999-09-21,121.16000366210938
1999-09-22,121.43000030517578
1999-09-23,118.63999938964844
1999-09-24,118.01000213623047
1999-09-27,118.55000305175781
1999-09-28,118.4800033569336
1999-09-29,117.22000122070312
1999-09-30,118.55000305175781
1999-10-01,118.55999755859375
1999-10-04,120.58000183105469
1999-10-05,120.27999877929688
1999-10-06,122.5199966430664
1999-10-07,121.80999755859375
1999-10-08,123.51000213623047
1999-10-11,123.43000030517578
1999-10-12,121.37999725341797
1999-10-13,118.83999633789062
1999-10-14,118.6500015258789
1999-10-15,115.31999969482422
1999-10-18,115.94000244140625
1999-10-19,116.61000061035156
1999-10-20,119.22000122070312
1999-10-21,118.68000030517578
1999-10-22,120.3499984741211
1999-10-25,119.61000061035156
1999-10-26,118.5199966430664
1999-10-27,119.9000015258789
1999-10-28,124.1500015258789
1999-10-29,126.05000305175781
1999-11-01,125.2300033569336
1999-11-02,124.63999938964844
1999-11-03,125.31999969482422
1999-11-04,126.04000091552734
1999-11-05,126.73999786376953
1999-11-08,127.37999725341797
1999-11-09,126.33000183105469
1999-11-10,127.0999984741211
1999-11-11,127.83999633789062
1999-11-12,129.1999969482422
1999-11-15,129.0500030517578
1999-11-16,131.42999267578125
1999-11-17,130.5800018310547
1999-11-18,131.89999389648438
1999-11-19,131.6300048828125
1999-11-22,131.52999877929688
1999-11-23,130.02999877929688
1999-11-24,131.17999267578125
1999-11-26,131.13999938964844
1999-11-29,130.35000610351562
1999-11-30,128.60000610351562
1999-12-01,129.4499969482422
1999-12-02,130.5
1999-12-03,132.75
1999-12-06,131.83999633789062
1999-12-07,130.60000610351562
1999-12-08,130.16000366210938
1999-12-09,130.5500030517578
1999-12-10,131.3800048828125
1999-12-13,131.22999572753906
1999-12-14,130.1199951171875
1999-12-15,131.07000732421875
1999-12-16,131.5800018310547
1999-12-17,131.7899932861328
1999-12-20,131.52000427246094
1999-12-21,132.94000244140625
1999-12-22,133.1999969482422
1999-12-23,134.30999755859375
1999-12-27,134.1999969482422
1999-12-28,134.25
1999-12-29,134.8000030517578
1999-12-30,134.88999938964844
1999-12-31,135.3300018310547
2000-01-03,134.0399932861328
2000-01-04,128.91000366210938
2000-01-05,129.16000366210938
2000-01-06,129.30999755859375
2000-01-07,132.80999755859375
2000-01-10,134.3000030517578
2000-01-11,132.5500030517578
2000-01-12,131.97000122070312
2000-01-13,133.58999633789062
2000-01-14,135.00999450683594
2000-01-18,134.08999633789062
2000-01-19,134.16000366210938
2000-01-20,133.2100067138672
2000-01-21,132.82000732421875
2000-01-24,129.14999389648438
2000-01-25,129.92999267578125
2000-01-26,129.38999938964844
2000-01-27,128.88999938964844
2000-01-28,125.36000061035156
2000-01-31,128.52000427246094
2000-02-01,129.88999938964844
2000-02-02,129.88999938964844
2000-02-03,131.36000061035156
2000-02-04,131.3000030517578
2000-02-07,131.27999877929688
2000-02-08,132.89999389648438
2000-02-09,130.16000366210938
2000-02-10,130.6300048828125
2000-02-11,127.91000366210938
2000-02-14,128.1699981689453
2000-02-15,129.2899932861328
2000-02-16,127.9800033569336
2000-02-17,128.02999877929688
2000-02-18,124.1500015258789
2000-02-22,124.69999694824219
2000-02-23,125.5
2000-02-24,124.83999633789062
2000-02-25,123.0
2000-02-28,124.37999725341797
2000-02-29,126.06999969482422
2000-03-01,127.27999877929688
2000-03-02,127.51000213623047
2000-03-03,130.0399932861328
2000-03-06,128.41000366210938
2000-03-07,125.11000061035156
2000-03-08,126.1500015258789
2000-03-09,129.3800048828125
2000-03-10,128.77000427246094
2000-03-13,127.72000122070312
2000-03-14,125.47000122070312
2000-03-15,128.52000427246094
2000-03-16,134.64999389648438
2000-03-17,135.22000122070312
2000-03-20,134.5
2000-03-21,137.94000244140625
2000-03-22,138.55999755859375
2000-03-23,141.02999877929688
2000-03-24,140.74000549316406
2000-03-27,140.39999389648438
2000-03-28,138.9199981689453
2000-03-29,139.00999450683594
2000-03-30,137.11000061035156
2000-03-31,138.0800018310547
2000-04-03,138.77000427246094
2000-04-04,137.74000549316406
2000-04-05,137.07000732421875
2000-04-06,138.38999938964844
2000-04-07,139.77000427246094
2000-04-10,138.6699981689453
2000-04-11,138.32000732421875
2000-04-12,135.25
2000-04-13,132.7899932861328
2000-04-14,125.06999969482422
2000-04-17,129.19000244140625
2000-04-18,132.89999389648438
2000-04-19,131.61000061035156
2000-04-20,132.25999450683594
2000-04-24,131.8300018310547
2000-04-25,136.2100067138672
2000-04-26,134.6999969482422
2000-04-27,135.07000732421875
2000-04-28,133.92999267578125
2000-05-01,135.38999938964844
2000-05-02,133.36000061035156
2000-05-03,130.5
2000-05-04,130.0
2000-05-05,132.1300048828125
2000-05-08,131.3699951171875
2000-05-09,130.25999450683594
2000-05-10,127.61000061035156
2000-05-11,129.91000366210938
2000-05-12,131.1300048828125
2000-05-15,134.02999877929688
2000-05-16,135.3000030517578
2000-05-17,133.6199951171875
2000-05-18,132.64999389648438
2000-05-19,129.8699951171875
2000-05-22,129.30999755859375
2000-05-23,126.83000183105469
2000-05-24,129.16000366210938
2000-05-25,127.54000091552734
2000-05-26,127.2300033569336
2000-05-30,131.33999633789062
2000-05-31,131.1999969482422
2000-06-01,133.8000030517578
2000-06-02,136.4199981689453
2000-06-05,135.5399932861328
2000-06-06,134.63999938964844
2000-06-07,135.89999389648438
2000-06-08,135.0
2000-06-09,134.57000732421875
2000-06-12,133.55999755859375
2000-06-13,135.74000549316406
2000-06-14,135.83999633789062
2000-06-15,136.60000610351562
2000-06-16,135.3000030517578
2000-06-19,137.2899932861328
2000-06-20,136.36000061035156
2000-06-21,136.66000366210938
2000-06-22,134.17999267578125
2000-06-23,132.88999938964844
2000-06-26,134.16000366210938
2000-06-27,133.72999572753906
2000-06-28,134.13999938964844
2000-06-29,133.00999450683594
2000-06-30,134.14999389648438
2000-07-03,135.5500030517578
2000-07-05,133.44000244140625
2000-07-06,134.42999267578125
2000-07-07,136.47999572753906
2000-07-10,136.17999267578125
2000-07-11,136.66000366210938
2000-07-12,137.77999877929688
2000-07-13,138.0500030517578
2000-07-14,139.35000610351562
2000-07-17,139.39999389648438
2000-07-18,137.86000061035156
2000-07-19,136.77999877929688
2000-07-20,138.0399932861328
2000-07-21,136.63999938964844
2000-07-24,135.17999267578125
2000-07-25,136.11000061035156
2000-07-26,134.10000610351562
2000-07-27,133.8699951171875
2000-07-28,131.13999938964844
2000-07-31,132.14999389648438
2000-08-01,132.82000732421875
2000-08-02,132.88999938964844
2000-08-03,134.17999267578125
2000-08-04,135.14999389648438
2000-08-07,136.6699981689453
2000-08-08,137.0
2000-08-09,136.10000610351562
2000-08-10,134.9499969482422
2000-08-11,136.02999877929688
2000-08-14,137.85000610351562
2000-08-15,137.1999969482422
2000-08-16,136.7899932861328
2000-08-17,138.2899932861328
2000-08-18,137.89999389648438
2000-08-21,138.61000061035156
2000-08-22,138.47999572753906
2000-08-23,139.2100067138672
2000-08-24,139.4199981689453
2000-08-25,139.25999450683594
2000-08-28,139.97000122070312
2000-08-29,139.5800018310547
2000-08-30,138.9499969482422
2000-08-31,140.3300018310547
2000-09-01,140.6199951171875
2000-09-05,139.35000610351562
2000-09-06,138.0
2000-09-07,138.9499969482422
2000-09-08,138.1999969482422
2000-09-11,137.72000122070312
2000-09-12,137.0500030517578
2000-09-13,137.35000610351562
2000-09-14,136.97999572753906
2000-09-15,135.58999633789062
2000-09-18,133.6199951171875
2000-09-19,135.0399932861328
2000-09-20,134.25
2000-09-21,134.0399932861328
2000-09-22,133.69000244140625
2000-09-25,132.7899932861328
2000-09-26,131.6999969482422
2000-09-27,131.66000366210938
2000-09-28,134.58999633789062
2000-09-29,132.58999633789062
2000-10-02,132.55999755859375
2000-10-03,131.6699981689453
2000-10-04,132.41000366210938
2000-10-05,132.61000061035156
2000-10-06,130.08999633789062
2000-10-09,129.44000244140625
2000-10-10,128.05999755859375
2000-10-11,126.0
2000-10-12,122.79000091552734
2000-10-13,126.87999725341797
2000-10-16,126.91999816894531
2000-10-17,124.6500015258789
2000-10-18,123.93000030517578
2000-10-19,128.22999572753906
2000-10-20,128.99000549316406
2000-10-23,128.8800048828125
2000-10-24,129.10000610351562
2000-10-25,126.04000091552734
2000-10-26,126.0
2000-10-27,127.4000015258789
2000-10-30,129.17999267578125
2000-10-31,132.02000427246094
2000-11-01,131.27999877929688
2000-11-02,131.94000244140625
2000-11-03,131.8000030517578
2000-11-06,132.30999755859375
2000-11-07,132.27999877929688
2000-11-08,130.2100067138672
2000-11-09,129.3800048828125
2000-11-10,126.2300033569336
2000-11-13,124.87999725341797
2000-11-14,127.81999969482422
2000-11-15,128.47000122070312
2000-11-16,126.8499984741211
2000-11-17,126.44000244140625
2000-11-20,124.12000274658203
2000-11-21,124.55999755859375
2000-11-22,122.26000213623047
2000-11-24,124.05999755859375
2000-11-27,124.72000122070312
2000-11-28,123.54000091552734
2000-11-29,124.11000061035156
2000-11-30,121.62000274658203
2000-12-01,121.63999938964844
2000-12-04,122.55000305175781
2000-12-05,127.31999969482422
2000-12-06,125.0199966430664
2000-12-07,124.30000305175781
2000-12-08,126.73999786376953
2000-12-11,127.72000122070312
2000-12-12,126.88999938964844
2000-12-13,125.87999725341797
2000-12-14,124.11000061035156
2000-12-15,121.44999694824219
2000-12-18,122.43000030517578
2000-12-19,120.8499984741211
2000-12-20,117.06999969482422
2000-12-21,118.0
2000-12-22,120.5199966430664
2000-12-26,121.37000274658203
2000-12-27,122.66000366210938
2000-12-28,123.1500015258789
2000-12-29,121.86000061035156
2001-01-02,118.44000244140625
2001-01-03,124.4000015258789
2001-01-04,123.08999633789062
2001-01-05,119.86000061035156
2001-01-08,119.66000366210938
2001-01-09,120.11000061035156
2001-01-10,121.2699966430664
2001-01-11,122.52999877929688
2001-01-12,121.75
2001-01-16,122.51000213623047
2001-01-17,122.77999877929688
2001-01-18,124.48999786376953
2001-01-19,123.98999786376953
2001-01-22,124.0199966430664
2001-01-23,125.63999938964844
2001-01-24,126.0
2001-01-25,125.37000274658203
2001-01-26,125.13999938964844
2001-01-29,126.0
2001-01-30,126.87999725341797
2001-01-31,126.18000030517578
2001-02-01,126.87999725341797
2001-02-02,124.66000366210938
2001-02-05,125.11000061035156
2001-02-06,124.93000030517578
2001-02-07,123.9000015258789
2001-02-08,123.12999725341797
2001-02-09,121.4800033569336
2001-02-12,122.91000366210938
2001-02-13,121.86000061035156
2001-02-14,121.62000274658203
2001-02-15,122.62000274658203
2001-02-16,120.30000305175781
2001-02-20,118.20999908447266
2001-02-21,116.02999877929688
2001-02-22,115.80999755859375
2001-02-23,115.16999816894531
2001-02-26,117.18000030517578
2001-02-27,116.29000091552734
2001-02-28,114.6500015258789
2001-03-01,114.7699966430664
2001-03-02,114.12000274658203
2001-03-05,114.80000305175781
2001-03-06,115.94999694824219
2001-03-07,116.70999908447266
2001-03-08,116.98999786376953
2001-03-09,114.08999633789062
2001-03-12,109.16000366210938
2001-03-13,110.80000305175781
2001-03-14,107.94000244140625
2001-03-15,108.58000183105469
2001-03-16,106.16000366210938
2001-03-19,108.02999877929688
2001-03-20,105.43000030517578
2001-03-21,103.54000091552734
2001-03-22,103.12000274658203
2001-03-23,105.18000030517578
2001-03-26,106.36000061035156
2001-03-27,109.08000183105469
2001-03-28,106.43000030517578
2001-03-29,105.94000244140625
2001-03-30,107.06999969482422
2001-04-02,105.73999786376953
2001-04-03,102.0999984741211
2001-04-04,101.83000183105469
2001-04-05,106.27999877929688
2001-04-06,104.18000030517578
2001-04-09,105.0199966430664
2001-04-10,107.87000274658203
2001-04-11,107.63999938964844
2001-04-12,109.2699966430664
2001-04-16,108.91000366210938
2001-04-17,110.02999877929688
2001-04-18,114.31999969482422
2001-04-19,115.75
2001-04-20,114.76000213623047
2001-04-23,113.04000091552734
2001-04-24,111.66999816894531
2001-04-25,113.44999694824219
2001-04-26,114.0
2001-04-27,115.70999908447266
2001-04-30,115.38999938964844
2001-05-01,116.94999694824219
2001-05-02,117.05000305175781
2001-05-03,115.33000183105469
2001-05-04,117.0
2001-05-07,116.70999908447266
2001-05-08,116.5
2001-05-09,115.98999786376953
2001-05-10,115.9800033569336
2001-05-11,115.11000061035156
2001-05-14,115.41999816894531
2001-05-15,115.47000122070312
2001-05-16,118.7699966430664
2001-05-17,119.08999633789062
2001-05-18,119.43000030517578
2001-05-21,121.36000061035156
2001-05-22,121.04000091552734
2001-05-23,119.16999816894531
2001-05-24,119.55000305175781
2001-05-25,118.13999938964844
2001-05-29,117.22000122070312
2001-05-30,115.41999816894531
2001-05-31,116.13999938964844
2001-06-01,116.58999633789062
2001-06-04,117.19000244140625
2001-06-05,118.70999908447266
2001-06-06,117.47000122070312
2001-06-07,118.12000274658203
2001-06-08,117.01000213623047
2001-06-11,116.02999877929688
2001-06-12,116.16000366210938
2001-06-13,114.87000274658203
2001-06-14,112.86000061035156
2001-06-15,112.3499984741211
2001-06-18,111.80999755859375
2001-06-19,112.19000244140625
2001-06-20,113.16999816894531
2001-06-21,114.44999694824219
2001-06-22,113.08999633789062
2001-06-25,112.47000122070312
2001-06-26,112.30000305175781
2001-06-27,111.79000091552734
2001-06-28,113.18000030517578
2001-06-29,113.0199966430664
2001-07-02,114.1500015258789
2001-07-03,113.95999908447266
2001-07-05,112.58000183105469
2001-07-06,109.94999694824219
2001-07-09,110.70999908447266
2001-07-10,109.12999725341797
2001-07-11,109.01000213623047
2001-07-12,111.58999633789062
2001-07-13,112.29000091552734
2001-07-16,111.06999969482422
2001-07-17,112.18000030517578
2001-07-18,111.55999755859375
2001-07-19,112.23999786376953
2001-07-20,111.8499984741211
2001-07-23,110.01000213623047
2001-07-24,108.2300033569336
2001-07-25,109.95999908447266
2001-07-26,111.0999984741211
2001-07-27,111.38999938964844
2001-07-30,111.2699966430664
2001-07-31,111.88999938964844
2001-08-01,112.33999633789062
2001-08-02,112.80000305175781
2001-08-03,112.20999908447266
2001-08-06,110.94000244140625
2001-08-07,111.30000305175781
2001-08-08,109.38999938964844
2001-08-09,109.4000015258789
2001-08-10,110.0199966430664
2001-08-13,110.13999938964844
2001-08-14,109.72000122070312
2001-08-15,108.94000244140625
2001-08-16,109.2699966430664
2001-08-17,107.45999908447266
2001-08-20,108.33000183105469
2001-08-21,107.0199966430664
2001-08-22,107.7699966430664
2001-08-23,107.4800033569336
2001-08-24,109.58999633789062
2001-08-27,109.05999755859375
2001-08-28,107.43000030517578
2001-08-29,106.25
2001-08-30,104.44999694824219
2001-08-31,104.87000274658203
2001-09-04,104.80999755859375
2001-09-05,104.72000122070312
2001-09-06,102.37999725341797
2001-09-07,100.47000122070312
2001-09-10,101.0999984741211
2001-09-17,96.1500015258789
2001-09-18,95.58999633789062
2001-09-19,94.05000305175781
2001-09-20,91.12999725341797
2001-09-21,89.08000183105469
2001-09-24,92.55000305175781
2001-09-25,93.36000061035156
2001-09-26,92.91000366210938
2001-09-27,93.9800033569336
2001-09-28,96.04000091552734
2001-10-01,95.81999969482422
2001-10-02,97.0
2001-10-03,98.94999694824219
2001-10-04,98.70999908447266
2001-10-05,98.87999725341797
2001-10-08,98.05999755859375
2001-10-09,97.54000091552734
2001-10-10,99.79000091552734
2001-10-11,101.30999755859375
2001-10-12,100.77999877929688
2001-10-15,100.62000274658203
2001-10-16,101.31999969482422
2001-10-17,99.44000244140625
2001-10-18,98.66000366210938
2001-10-19,99.0999984741211
2001-10-22,100.62000274658203
2001-10-23,100.1500015258789
2001-10-24,100.18000030517578
2001-10-25,101.55999755859375
2001-10-26,101.9800033569336
2001-10-29,99.55000305175781
2001-10-30,97.8499984741211
2001-10-31,97.86000061035156
2001-11-01,100.12000274658203
2001-11-02,100.41000366210938
2001-11-05,101.8499984741211
2001-11-06,103.33000183105469
2001-11-07,103.08000183105469
2001-11-08,103.33999633789062
2001-11-09,103.51000213623047
2001-11-12,103.31999969482422
2001-11-13,105.26000213623047
2001-11-14,105.4800033569336
2001-11-15,105.56999969482422
2001-11-16,105.25
2001-11-19,106.38999938964844
2001-11-20,105.62000274658203
2001-11-21,105.0999984741211
2001-11-23,106.33000183105469
2001-11-26,106.9800033569336
2001-11-27,106.26000213623047
2001-11-28,104.33999633789062
2001-11-29,105.43000030517578
2001-11-30,105.3499984741211
2001-12-03,104.47000122070312
2001-12-04,105.8499984741211
2001-12-05,108.25
2001-12-06,107.94999694824219
2001-12-07,107.13999938964844
2001-12-10,105.44000244140625
2001-12-11,105.13999938964844
2001-12-12,105.19000244140625
2001-12-13,103.55000305175781
2001-12-14,103.9000015258789
2001-12-17,104.94000244140625
2001-12-18,105.73999786376953
2001-12-19,106.36000061035156
2001-12-20,105.4800033569336
2001-12-21,105.94000244140625
2001-12-24,105.91999816894531
2001-12-26,106.36000061035156
2001-12-27,107.0999984741211
2001-12-28,107.08000183105469
2001-12-31,105.88999938964844
2002-01-02,106.51000213623047
2002-01-03,107.48999786376953
2002-01-04,108.16000366210938
2002-01-07,107.44999694824219
2002-01-08,107.0999984741211
2002-01-09,106.58999633789062
2002-01-10,106.72000122070312
2002-01-11,105.70999908447266
2002-01-14,105.05000305175781
2002-01-15,105.7699966430664
2002-01-16,104.05000305175781
2002-01-17,105.0999984741211
2002-01-18,104.05999755859375
2002-01-22,103.29000091552734
2002-01-23,104.11000061035156
2002-01-24,104.4800033569336
2002-01-25,104.58000183105469
2002-01-28,104.55999755859375
2002-01-29,101.58000183105469
2002-01-30,102.79000091552734
2002-01-31,104.33000183105469
2002-02-01,103.58999633789062
2002-02-04,101.02999877929688
2002-02-05,100.62000274658203
2002-02-06,100.02999877929688
2002-02-07,99.73999786376953
2002-02-08,101.2300033569336
2002-02-11,102.68000030517578
2002-02-12,102.2699966430664
2002-02-13,103.31999969482422
2002-02-14,103.13999938964844
2002-02-15,102.01000213623047
2002-02-19,100.08000183105469
2002-02-20,101.44000244140625
2002-02-21,99.87000274658203
2002-02-22,100.69000244140625
2002-02-25,102.5
2002-02-26,102.5
2002-02-27,102.58999633789062
2002-02-28,102.30999755859375
2002-03-01,104.62000274658203
2002-03-04,106.66000366210938
2002-03-05,105.94999694824219
2002-03-06,107.51000213623047
2002-03-07,107.02999877929688
2002-03-08,107.6500015258789
2002-03-11,108.0199966430664
2002-03-12,107.7699966430664
2002-03-13,106.73999786376953
2002-03-14,106.63999938964844
2002-03-15,107.8499984741211
2002-03-18,107.80000305175781
2002-03-19,108.23999786376953
2002-03-20,106.54000091552734
2002-03-21,106.69999694824219
2002-03-22,105.95999908447266
2002-03-25,104.4000015258789
2002-03-26,105.02999877929688
2002-03-27,105.58999633789062
2002-03-28,105.8499984741211
2002-04-01,105.7699966430664
2002-04-02,104.87000274658203
2002-04-03,103.83999633789062
2002-04-04,103.91999816894531
2002-04-05,103.58999633789062
2002-04-08,103.8499984741211
2002-04-09,103.16999816894531
2002-04-10,104.33999633789062
2002-04-11,101.87000274658203
2002-04-12,102.55000305175781
2002-04-15,101.7699966430664
2002-04-16,104.1500015258789
2002-04-17,103.94000244140625
2002-04-18,103.79000091552734
2002-04-19,103.86000061035156
2002-04-22,102.26000213623047
2002-04-23,101.62999725341797
2002-04-24,100.9000015258789
2002-04-25,100.75
2002-04-26,99.36000061035156
2002-04-29,98.36000061035156
2002-04-30,99.41999816894531
2002-05-01,100.30999755859375
2002-05-02,100.13999938964844
2002-05-03,99.12000274658203
2002-05-06,97.19999694824219
2002-05-07,96.91000366210938
2002-05-08,100.55999755859375
2002-05-09,99.11000061035156
2002-05-10,97.44999694824219
2002-05-13,99.2699966430664
2002-05-14,101.37000274658203
2002-05-15,100.83000183105469
2002-05-16,101.48999786376953
2002-05-17,102.29000091552734
2002-05-20,100.93000030517578
2002-05-21,99.81999969482422
2002-05-22,100.38999938964844
2002-05-23,101.41999816894531
2002-05-24,100.19000244140625
2002-05-28,99.33000183105469
2002-05-29,98.70999908447266
2002-05-30,98.44000244140625
2002-05-31,98.66999816894531
2002-06-03,96.22000122070312
2002-06-04,96.22000122070312
2002-06-05,97.11000061035156
2002-06-06,95.19000244140625
2002-06-07,95.04000091552734
2002-06-10,95.33999633789062
2002-06-11,93.75
2002-06-12,94.37999725341797
2002-06-13,93.4000015258789
2002-06-14,93.19000244140625
2002-06-17,95.86000061035156
2002-06-18,95.94999694824219
2002-06-19,94.37000274658203
2002-06-20,93.0999984741211
2002-06-21,91.22000122070312
2002-06-24,91.55000305175781
2002-06-25,90.0199966430664
2002-06-26,89.81999969482422
2002-06-27,91.41000366210938
2002-06-28,91.33000183105469
2002-07-01,89.37000274658203
2002-07-02,87.48999786376953
2002-07-03,88.04000091552734
2002-07-05,91.27999877929688
2002-07-08,90.19000244140625
2002-07-09,87.95999908447266
2002-07-10,84.9800033569336
2002-07-11,85.62000274658203
2002-07-12,85.05999755859375
2002-07-15,84.75
2002-07-16,83.19000244140625
2002-07-17,83.66000366210938
2002-07-18,81.41000366210938
2002-07-19,78.33999633789062
2002-07-22,75.7699966430664
2002-07-23,73.7300033569336
2002-07-24,77.95999908447266
2002-07-25,77.51000213623047
2002-07-26,78.81999969482422
2002-07-29,83.08999633789062
2002-07-30,83.44999694824219
2002-07-31,84.27999877929688
2002-08-01,81.80000305175781
2002-08-02,79.91000366210938
2002-08-05,77.16999816894531
2002-08-06,79.4800033569336
2002-08-07,81.08999633789062
2002-08-08,83.73999786376953
2002-08-09,84.05000305175781
2002-08-12,83.61000061035156
2002-08-13,81.80999755859375
2002-08-14,85.0999984741211
2002-08-15,86.08999633789062
2002-08-16,85.95999908447266
2002-08-19,87.98999786376953
2002-08-20,86.7699966430664
2002-08-21,87.87999725341797
2002-08-22,89.12000274658203
2002-08-23,87.0999984741211
2002-08-26,87.76000213623047
2002-08-27,86.54000091552734
2002-08-28,84.9800033569336
2002-08-29,84.9800033569336
2002-08-30,84.83000183105469
2002-09-03,81.30999755859375
2002-09-04,82.76000213623047
2002-09-05,81.44000244140625
2002-09-06,82.80999755859375
2002-09-09,83.6500015258789
2002-09-10,84.2699966430664
2002-09-11,84.26000213623047
2002-09-12,82.19999694824219
2002-09-13,82.47000122070312
2002-09-16,82.58999633789062
2002-09-17,80.95999908447266
2002-09-18,80.58000183105469
2002-09-19,78.16999816894531
2002-09-20,78.36000061035156
2002-09-23,77.27999877929688
2002-09-24,75.94000244140625
2002-09-25,77.8499984741211
2002-09-26,79.27999877929688
2002-09-27,76.37000274658203
2002-09-30,75.26000213623047
2002-10-01,78.2699966430664
2002-10-02,76.44000244140625
2002-10-03,75.61000061035156
2002-10-04,73.91999816894531
2002-10-07,72.5
2002-10-08,73.76000213623047
2002-10-09,71.75
2002-10-10,74.2699966430664
2002-10-11,77.16999816894531
2002-10-14,77.7300033569336
2002-10-15,81.41000366210938
2002-10-16,79.45999908447266
2002-10-17,81.2300033569336
2002-10-18,81.70999908447266
2002-10-21,83.12000274658203
2002-10-22,82.23999786376953
2002-10-23,82.79000091552734
2002-10-24,81.52999877929688
2002-10-25,82.93000030517578
2002-10-28,82.23999786376953
2002-10-29,81.51000213623047
2002-10-30,82.30999755859375
2002-10-31,81.87000274658203
2002-11-01,83.2699966430664
2002-11-04,83.94999694824219
2002-11-05,84.61000061035156
2002-11-06,85.4000015258789
2002-11-07,83.47000122070312
2002-11-08,82.73999786376953
2002-11-11,81.0199966430664
2002-11-12,81.6500015258789
2002-11-13,81.63999938964844
2002-11-14,83.66000366210938
2002-11-15,84.18000030517578
2002-11-18,83.30999755859375
2002-11-19,82.9800033569336
2002-11-20,84.5999984741211
2002-11-21,86.41999816894531
2002-11-22,86.12000274658203
2002-11-25,86.33000183105469
2002-11-26,84.54000091552734
2002-11-27,86.91000366210938
2002-11-29,86.91000366210938
2002-12-02,86.5199966430664
2002-12-03,85.23999786376953
2002-12-04,84.9800033569336
2002-12-05,83.95999908447266
2002-12-06,84.48999786376953
2002-12-09,82.61000061035156
2002-12-10,83.7699966430664
2002-12-11,83.83000183105469
2002-12-12,83.5199966430664
2002-12-13,82.4000015258789
2002-12-16,84.33999633789062
2002-12-17,83.66999816894531
2002-12-18,82.55999755859375
2002-12-19,81.94999694824219
2002-12-20,83.01000213623047
2002-12-23,83.16000366210938
2002-12-24,82.69999694824219
2002-12-26,82.44999694824219
2002-12-27,80.7300033569336
2002-12-30,81.0999984741211
2002-12-31,81.1500015258789
2003-01-02,83.86000061035156
2003-01-03,83.81999969482422
2003-01-06,85.69999694824219
2003-01-07,85.13999938964844
2003-01-08,83.97000122070312
2003-01-09,85.5999984741211
2003-01-10,85.5999984741211
2003-01-13,85.4800033569336
2003-01-14,85.9800033569336
2003-01-15,84.75
2003-01-16,84.41999816894531
2003-01-17,83.23999786376953
2003-01-21,81.93000030517578
2003-01-22,81.08000183105469
2003-01-23,81.91000366210938
2003-01-24,79.51000213623047
2003-01-27,78.2300033569336
2003-01-28,79.25
2003-01-29,79.80000305175781
2003-01-30,77.98999786376953
2003-01-31,79.0199966430664
2003-02-03,79.44000244140625
2003-02-04,78.33000183105469
2003-02-05,77.91999816894531
2003-02-06,77.44000244140625
2003-02-07,76.6500015258789
2003-02-10,77.23999786376953
2003-02-11,76.61000061035156
2003-02-12,75.66999816894531
2003-02-13,75.55999755859375
2003-02-14,77.18000030517578
2003-02-18,78.69000244140625
2003-02-19,78.13999938964844
2003-02-20,77.41000366210938
2003-02-21,78.43000030517578
2003-02-24,76.98999786376953
2003-02-25,77.54000091552734
2003-02-26,76.55000305175781
2003-02-27,77.45999908447266
2003-02-28,77.81999969482422
2003-03-03,77.23999786376953
2003-03-04,76.05000305175781
2003-03-05,76.80000305175781
2003-03-06,76.08999633789062
2003-03-07,76.72000122070312
2003-03-10,74.73999786376953
2003-03-11,74.12000274658203
2003-03-12,74.47000122070312
2003-03-13,77.04000091552734
2003-03-14,77.16000366210938
2003-03-17,79.9000015258789
2003-03-18,80.23999786376953
2003-03-19,80.94000244140625
2003-03-20,81.0999984741211
2003-03-21,82.95999908447266
2003-03-24,80.04000091552734
2003-03-25,81.01000213623047
2003-03-26,80.56999969482422
2003-03-27,80.44999694824219
2003-03-28,79.69000244140625
2003-03-31,78.2699966430664
2003-04-01,79.25
2003-04-02,81.33000183105469
2003-04-03,80.91999816894531
2003-04-04,81.13999938964844
2003-04-07,81.23999786376953
2003-04-08,81.12000274658203
2003-04-09,80.0
2003-04-10,80.51000213623047
2003-04-11,80.20999908447266
2003-04-14,81.77999877929688
2003-04-15,82.30000305175781
2003-04-16,81.29000091552734
2003-04-17,82.55000305175781
2003-04-21,82.41000366210938
2003-04-22,84.19000244140625
2003-04-23,84.9000015258789
2003-04-24,84.19999694824219
2003-04-25,83.04000091552734
2003-04-28,84.52999877929688
2003-04-29,84.80999755859375
2003-04-30,84.7300033569336
2003-05-01,84.69000244140625
2003-05-02,85.95999908447266
2003-05-05,85.63999938964844
2003-05-06,86.37000274658203
2003-05-07,85.94000244140625
2003-05-08,85.08000183105469
2003-05-09,86.30999755859375
2003-05-12,87.38999938964844
2003-05-13,87.1500015258789
2003-05-14,86.88999938964844
2003-05-15,87.58000183105469
2003-05-16,87.37000274658203
2003-05-19,85.19999694824219
2003-05-20,85.0999984741211
2003-05-21,85.44999694824219
2003-05-22,86.2300033569336
2003-05-23,86.3499984741211
2003-05-27,88.04000091552734
2003-05-28,88.22000122070312
2003-05-29,87.88999938964844
2003-05-30,89.19000244140625
2003-06-02,89.51000213623047
2003-06-03,89.93000030517578
2003-06-04,91.30999755859375
2003-06-05,91.68000030517578
2003-06-06,91.45999908447266
2003-06-09,90.37000274658203
2003-06-10,91.19000244140625
2003-06-11,92.38999938964844
2003-06-12,92.48999786376953
2003-06-13,91.58000183105469
2003-06-16,93.62000274658203
2003-06-17,93.70999908447266
2003-06-18,93.56999969482422
2003-06-19,92.1500015258789
2003-06-20,91.94000244140625
2003-06-23,90.63999938964844
2003-06-24,90.80999755859375
2003-06-25,90.05999755859375
2003-06-26,91.05999755859375
2003-06-27,90.16999816894531
2003-06-30,90.0199966430664
2003-07-01,90.75
2003-07-02,91.80999755859375
2003-07-03,91.06999969482422
2003-07-07,92.80000305175781
2003-07-08,93.13999938964844
2003-07-09,92.62999725341797
2003-07-10,91.37999725341797
2003-07-11,92.26000213623047
2003-07-14,92.79000091552734
2003-07-15,92.47000122070312
2003-07-16,91.88999938964844
2003-07-17,90.75
2003-07-18,91.81999969482422
2003-07-21,90.4800033569336
2003-07-22,91.33999633789062
2003-07-23,91.38999938964844
2003-07-24,90.73999786376953
2003-07-25,92.31999969482422
2003-07-28,92.12000274658203
2003-07-29,91.45999908447266
2003-07-30,91.30999755859375
2003-07-31,91.58999633789062
2003-08-01,90.6500015258789
2003-08-04,90.9000015258789
2003-08-05,89.29000091552734
2003-08-06,89.45999908447266
2003-08-07,90.12000274658203
2003-08-08,90.44000244140625
2003-08-11,90.73999786376953
2003-08-12,91.63999938964844
2003-08-13,91.08999633789062
2003-08-14,91.69000244140625
2003-08-15,91.72000122070312
2003-08-18,92.55999755859375
2003-08-19,92.80000305175781
2003-08-20,92.62000274658203
2003-08-21,92.9000015258789
2003-08-22,91.94999694824219
2003-08-25,92.01000213623047
2003-08-26,92.29000091552734
2003-08-27,92.30999755859375
2003-08-28,92.87999725341797
2003-08-29,93.36000061035156
2003-09-02,94.66000366210938
2003-09-03,95.08000183105469
2003-09-04,95.23999786376953
2003-09-05,94.62999725341797
2003-09-08,95.58999633789062
2003-09-09,94.80000305175781
2003-09-10,93.68000030517578
2003-09-11,94.20999908447266
2003-09-12,94.41999816894531
2003-09-15,94.05999755859375
2003-09-16,95.41000366210938
2003-09-17,95.0999984741211
2003-09-18,96.36000061035156
2003-09-19,96.05999755859375
2003-09-22,94.80999755859375
2003-09-23,95.38999938964844
2003-09-24,93.56999969482422
2003-09-25,93.0199966430664
2003-09-26,92.08000183105469
2003-09-29,92.9800033569336
2003-09-30,92.0
2003-10-01,94.05999755859375
2003-10-02,94.26000213623047
2003-10-03,95.1500015258789
2003-10-06,95.55999755859375
2003-10-07,96.0199966430664
2003-10-08,95.55000305175781
2003-10-09,96.0
2003-10-10,95.94999694824219
2003-10-13,96.62000274658203
2003-10-14,97.0
2003-10-15,96.7699966430664
2003-10-16,97.08000183105469
2003-10-17,96.08000183105469
2003-10-20,96.58000183105469
2003-10-21,96.69999694824219
2003-10-22,95.26000213623047
2003-10-23,95.58000183105469
2003-10-24,95.12999725341797
2003-10-27,95.33000183105469
2003-10-28,96.77999877929688
2003-10-29,96.91999816894531
2003-10-30,96.83999633789062
2003-10-31,97.19000244140625
2003-11-03,97.94999694824219
2003-11-04,97.41999816894531
2003-11-05,97.30999755859375
2003-11-06,97.88999938964844
2003-11-07,97.45999908447266
2003-11-10,96.9000015258789
2003-11-11,96.8499984741211
2003-11-12,98.0
2003-11-13,97.9800033569336
2003-11-14,97.25
2003-11-17,96.62999725341797
2003-11-18,95.76000213623047
2003-11-19,96.52999877929688
2003-11-20,95.72000122070312
2003-11-21,95.87999725341797
2003-11-24,97.43000030517578
2003-11-25,97.61000061035156
2003-11-26,98.05000305175781
2003-11-28,98.02999877929688
2003-12-01,99.12999725341797
2003-12-02,98.80999755859375
2003-12-03,98.66000366210938
2003-12-04,99.12999725341797
2003-12-05,98.37000274658203
2003-12-08,99.0999984741211
2003-12-09,98.25
2003-12-10,98.16000366210938
2003-12-11,99.30000305175781
2003-12-12,99.56999969482422
2003-12-15,99.01000213623047
2003-12-16,99.66999816894531
2003-12-17,99.80000305175781
2003-12-18,100.98999786376953
2003-12-19,100.94999694824219
2003-12-22,101.33999633789062
2003-12-23,101.62999725341797
2003-12-24,101.44999694824219
2003-12-26,101.1500015258789
2003-12-29,102.44000244140625
2003-12-30,102.45999908447266
2003-12-31,102.66999816894531
2004-01-02,102.36000061035156
2004-01-05,103.62999725341797
2004-01-06,103.7699966430664
2004-01-07,104.04000091552734
2004-01-08,104.55999755859375
2004-01-09,103.62999725341797
2004-01-12,104.12999725341797
2004-01-13,103.58000183105469
2004-01-14,104.44000244140625
2004-01-15,104.58000183105469
2004-01-16,105.30000305175781
2004-01-20,105.19999694824219
2004-01-21,106.0199966430664
2004-01-22,105.69000244140625
2004-01-23,105.47000122070312
2004-01-26,106.73999786376953
2004-01-27,105.69000244140625
2004-01-28,104.2699966430664
2004-01-29,104.81999969482422
2004-01-30,104.54000091552734
2004-02-02,104.91999816894531
2004-02-03,104.98999786376953
2004-02-04,104.12999725341797
2004-02-05,104.33000183105469
2004-02-06,105.63999938964844
2004-02-09,105.38999938964844
2004-02-10,105.91999816894531
2004-02-11,107.08999633789062
2004-02-12,106.56999969482422
2004-02-13,106.0
2004-02-17,107.02999877929688
2004-02-18,106.56999969482422
2004-02-19,106.12999725341797
2004-02-20,105.86000061035156
2004-02-23,105.56999969482422
2004-02-24,105.4000015258789
2004-02-25,105.83000183105469
2004-02-26,105.9800033569336
2004-02-27,105.9800033569336
2004-03-01,107.01000213623047
2004-03-02,106.37000274658203
2004-03-03,106.58000183105469
2004-03-04,106.94000244140625
2004-03-05,107.12000274658203
2004-03-08,106.2300033569336
2004-03-09,105.62000274658203
2004-03-10,104.08000183105469
2004-03-11,102.52999877929688
2004-03-12,103.80999755859375
2004-03-15,102.31999969482422
2004-03-16,102.88999938964844
2004-03-17,104.12000274658203
2004-03-18,103.98999786376953
2004-03-19,102.81999969482422
2004-03-22,101.48999786376953
2004-03-23,101.3499984741211
2004-03-24,101.11000061035156
2004-03-25,102.7699966430664
2004-03-26,102.30000305175781
2004-03-29,103.66000366210938
2004-03-30,104.08000183105469
2004-03-31,104.01000213623047
2004-04-01,104.55999755859375
2004-04-02,105.45999908447266
2004-04-05,106.2699966430664
2004-04-06,106.08000183105469
2004-04-07,105.37999725341797
2004-04-08,105.2699966430664
2004-04-12,105.80999755859375
2004-04-13,104.36000061035156
2004-04-14,104.25
2004-04-15,104.30999755859375
2004-04-16,104.83999633789062
2004-04-19,104.94999694824219
2004-04-20,103.30999755859375
2004-04-21,103.87000274658203
2004-04-22,105.33999633789062
2004-04-23,105.41000366210938
2004-04-26,104.93000030517578
2004-04-27,105.16999816894531
2004-04-28,103.73999786376953
2004-04-29,102.9800033569336
2004-04-30,102.37000274658203
2004-05-03,103.30999755859375
2004-05-04,103.5
2004-05-05,103.69999694824219
2004-05-06,103.01000213623047
2004-05-07,101.5999984741211
2004-05-10,100.52999877929688
2004-05-11,101.31999969482422
2004-05-12,101.5199966430664
2004-05-13,101.45999908447266
2004-05-14,101.38999938964844
2004-05-17,100.33000183105469
2004-05-18,101.0199966430664
2004-05-19,100.7699966430664
2004-05-20,100.81999969482422
2004-05-21,101.2300033569336
2004-05-24,101.4000015258789
2004-05-25,103.02999877929688
2004-05-26,103.22000122070312
2004-05-27,103.81999969482422
2004-05-28,103.76000213623047
2004-06-01,103.80999755859375
2004-06-02,104.19000244140625
2004-06-03,103.41999816894531
2004-06-04,103.97000122070312
2004-06-07,105.63999938964844
2004-06-08,105.80000305175781
2004-06-09,104.80000305175781
2004-06-10,105.27999877929688
2004-06-14,104.2699966430664
2004-06-15,104.88999938964844
2004-06-16,105.04000091552734
2004-06-17,104.9000015258789
2004-06-18,105.16999816894531
2004-06-21,104.73999786376953
2004-06-22,105.12000274658203
2004-06-23,106.01000213623047
2004-06-24,105.70999908447266
2004-06-25,104.77999877929688
2004-06-28,104.70999908447266
2004-06-29,104.9800033569336
2004-06-30,105.41000366210938
2004-07-01,104.33000183105469
2004-07-02,104.0
2004-07-06,103.1500015258789
2004-07-07,103.37000274658203
2004-07-08,102.52999877929688
2004-07-09,102.87000274658203
2004-07-12,103.0199966430664
2004-07-13,103.08999633789062
2004-07-14,102.76000213623047
2004-07-15,102.30999755859375
2004-07-16,101.83000183105469
2004-07-19,101.77999877929688
2004-07-20,102.5
2004-07-21,101.13999938964844
2004-07-22,101.41000366210938
2004-07-23,100.43000030517578
2004-07-26,100.2300033569336
2004-07-27,101.2300033569336
2004-07-28,101.30000305175781
2004-07-29,101.80000305175781
2004-07-30,101.91999816894531
2004-08-02,102.37000274658203
2004-08-03,101.7300033569336
2004-08-04,101.6500015258789
2004-08-05,99.98999786376953
2004-08-06,98.44999694824219
2004-08-09,98.55999755859375
2004-08-10,99.83999633789062
2004-08-11,99.5999984741211
2004-08-12,98.44000244140625
2004-08-13,98.58999633789062
2004-08-16,99.94000244140625
2004-08-17,100.16999816894531
2004-08-18,101.43000030517578
2004-08-19,101.06999969482422
2004-08-20,101.7300033569336
2004-08-23,101.48999786376953
2004-08-24,101.54000091552734
2004-08-25,102.36000061035156
2004-08-26,102.37000274658203
2004-08-27,102.62999725341797
2004-08-30,101.83999633789062
2004-08-31,102.30999755859375
2004-09-01,102.5
2004-09-02,103.6500015258789
2004-09-03,103.22000122070312
2004-09-07,103.93000030517578
2004-09-08,103.4800033569336
2004-09-09,103.68000030517578
2004-09-10,104.19000244140625
2004-09-13,104.4000015258789
2004-09-14,104.62999725341797
2004-09-15,103.88999938964844
2004-09-16,104.18000030517578
2004-09-17,104.6500015258789
2004-09-20,104.05999755859375
2004-09-21,104.72000122070312
2004-09-22,103.26000213623047
2004-09-23,102.80000305175781
2004-09-24,102.55000305175781
2004-09-27,101.94999694824219
2004-09-28,102.56999969482422
2004-09-29,103.01000213623047
2004-09-30,102.98999786376953
2004-10-01,104.55999755859375
2004-10-04,104.91000366210938
2004-10-05,104.83999633789062
2004-10-06,105.58000183105469
2004-10-07,104.52999877929688
2004-10-08,103.73999786376953
2004-10-11,103.94999694824219
2004-10-12,103.72000122070312
2004-10-13,102.97000122070312
2004-10-14,102.01000213623047
2004-10-15,102.45999908447266
2004-10-18,103.0
2004-10-19,102.0
2004-10-20,102.05000305175781
2004-10-21,102.31999969482422
2004-10-22,101.31999969482422
2004-10-25,101.2300033569336
2004-10-26,102.73999786376953
2004-10-27,104.08000183105469
2004-10-28,104.30000305175781
2004-10-29,104.55000305175781
2004-11-01,104.58000183105469
2004-11-02,104.58999633789062
2004-11-03,105.77999877929688
2004-11-04,107.48999786376953
2004-11-05,107.91000366210938
2004-11-08,107.80000305175781
2004-11-09,107.76000213623047
2004-11-10,107.68000030517578
2004-11-11,108.6500015258789
2004-11-12,109.6500015258789
2004-11-15,109.62999725341797
2004-11-16,108.87000274658203
2004-11-17,109.4800033569336
2004-11-18,109.62999725341797
2004-11-19,108.41000366210938
2004-11-22,109.05000305175781
2004-11-23,109.02999877929688
2004-11-24,109.4800033569336
2004-11-26,109.58000183105469
2004-11-29,109.20999908447266
2004-11-30,108.77999877929688
2004-12-01,110.43000030517578
2004-12-02,110.33999633789062
2004-12-03,110.41999816894531
2004-12-06,110.33000183105469
2004-12-07,109.12000274658203
2004-12-08,109.66999816894531
2004-12-09,110.2699966430664
2004-12-10,110.16000366210938
2004-12-13,111.16000366210938
2004-12-14,111.58999633789062
2004-12-15,111.81999969482422
2004-12-16,111.58999633789062
2004-12-17,110.76000213623047
2004-12-20,110.80999755859375
2004-12-21,111.80999755859375
2004-12-22,112.2300033569336
2004-12-23,111.44999694824219
2004-12-27,110.97000122070312
2004-12-28,111.7699966430664
2004-12-29,111.77999877929688
2004-12-30,111.79000091552734
2004-12-31,111.63999938964844
2005-01-03,110.7300033569336
2005-01-04,109.44999694824219
2005-01-05,109.05999755859375
2005-01-06,109.47000122070312
2005-01-07,109.30999755859375
2005-01-10,109.69000244140625
2005-01-11,109.02999877929688
2005-01-12,109.47000122070312
2005-01-13,108.52999877929688
2005-01-14,109.18000030517578
2005-01-18,110.2300033569336
2005-01-19,109.19000244140625
2005-01-20,108.3499984741211
2005-01-21,107.6500015258789
2005-01-24,107.2699966430664
2005-01-25,107.69999694824219
2005-01-26,108.2300033569336
2005-01-27,108.27999877929688
2005-01-28,107.98999786376953
2005-01-31,108.9000015258789
2005-02-01,109.6500015258789
2005-02-02,110.0199966430664
2005-02-03,109.73999786376953
2005-02-04,110.95999908447266
2005-02-07,110.83999633789062
2005-02-08,110.91000366210938
2005-02-09,109.98999786376953
2005-02-10,110.45999908447266
2005-02-11,111.25
2005-02-14,111.33000183105469
2005-02-15,111.70999908447266
2005-02-16,111.73999786376953
2005-02-17,110.86000061035156
2005-02-18,110.94000244140625
2005-02-22,109.33000183105469
2005-02-23,109.94999694824219
2005-02-24,110.8499984741211
2005-02-25,111.9000015258789
2005-02-28,111.18000030517578
2005-03-01,111.80999755859375
2005-03-02,111.81999969482422
2005-03-03,111.8499984741211
2005-03-04,112.93000030517578
2005-03-07,113.2300033569336
2005-03-08,112.69000244140625
2005-03-09,111.55999755859375
2005-03-10,111.7699966430664
2005-03-11,110.94999694824219
2005-03-14,111.58000183105469
2005-03-15,110.73999786376953
2005-03-16,109.8499984741211
2005-03-17,110.05000305175781
2005-03-18,110.0
2005-03-21,109.44999694824219
2005-03-22,108.33999633789062
2005-03-23,107.98999786376953
2005-03-24,107.9000015258789
2005-03-28,108.16999816894531
2005-03-29,107.37000274658203
2005-03-30,108.86000061035156
2005-03-31,108.79000091552734
2005-04-01,108.08000183105469
2005-04-04,108.37999725341797
2005-04-05,108.87000274658203
2005-04-06,109.13999938964844
2005-04-07,109.80000305175781
2005-04-08,108.87999725341797
2005-04-11,108.87999725341797
2005-04-12,109.48999786376953
2005-04-13,108.20999908447266
2005-04-14,107.12999725341797
2005-04-15,105.33999633789062
2005-04-18,105.6500015258789
2005-04-19,106.27999877929688
2005-04-20,104.87000274658203
2005-04-21,106.94000244140625
2005-04-22,106.2300033569336
2005-04-25,107.1500015258789
2005-04-26,106.19000244140625
2005-04-27,106.62999725341797
2005-04-28,105.44999694824219
2005-04-29,106.70999908447266
2005-05-02,107.19000244140625
2005-05-03,107.0999984741211
2005-05-04,108.45999908447266
2005-05-05,108.18000030517578
2005-05-06,108.06999969482422
2005-05-09,108.76000213623047
2005-05-10,107.5999984741211
2005-05-11,108.11000061035156
2005-05-12,107.02999877929688
2005-05-13,106.55999755859375
2005-05-16,107.63999938964844
2005-05-17,108.4000015258789
2005-05-18,109.51000213623047
2005-05-19,110.02999877929688
2005-05-20,109.86000061035156
2005-05-23,110.27999877929688
2005-05-24,110.30000305175781
2005-05-25,109.93000030517578
2005-05-26,110.6500015258789
2005-05-27,110.7699966430664
2005-05-31,110.08999633789062
2005-06-01,111.12000274658203
2005-06-02,111.30999755859375
2005-06-03,110.55000305175781
2005-06-06,110.69000244140625
2005-06-07,110.66999816894531
2005-06-08,110.44999694824219
2005-06-09,111.02999877929688
2005-06-10,110.7699966430664
2005-06-13,111.05000305175781
2005-06-14,111.33999633789062
2005-06-15,111.58999633789062
2005-06-16,111.98999786376953
2005-06-17,112.55000305175781
2005-06-20,112.47000122070312
2005-06-21,112.23999786376953
2005-06-22,112.2699966430664
2005-06-23,111.06999969482422
2005-06-24,109.80000305175781
2005-06-27,109.72000122070312
2005-06-28,110.73999786376953
2005-06-29,110.5999984741211
2005-06-30,109.80999755859375
2005-07-01,110.11000061035156
2005-07-05,111.08999633789062
2005-07-06,110.19000244140625
2005-07-07,110.45999908447266
2005-07-08,111.75
2005-07-11,112.44999694824219
2005-07-12,112.70999908447266
2005-07-13,112.81999969482422
2005-07-14,113.12000274658203
2005-07-15,113.25
2005-07-18,112.62000274658203
2005-07-19,113.37999725341797
2005-07-20,113.93000030517578
2005-07-21,113.18000030517578
2005-07-22,113.79000091552734
2005-07-25,113.36000061035156
2005-07-26,113.55999755859375
2005-07-27,114.08999633789062
2005-07-28,114.76000213623047
2005-07-29,113.87999725341797
2005-08-01,113.98999786376953
2005-08-02,114.80000305175781
2005-08-03,114.91000366210938
2005-08-04,114.05999755859375
2005-08-05,113.19000244140625
2005-08-08,112.88999938964844
2005-08-09,113.6500015258789
2005-08-10,113.5
2005-08-11,114.30999755859375
2005-08-12,113.62999725341797
2005-08-15,113.97000122070312
2005-08-16,112.62999725341797
2005-08-17,112.73999786376953
2005-08-18,112.62999725341797
2005-08-19,112.70999908447266
2005-08-22,112.88999938964844
2005-08-23,112.51000213623047
2005-08-24,111.77999877929688
2005-08-25,112.04000091552734
2005-08-26,111.36000061035156
2005-08-29,112.04000091552734
2005-08-30,111.69999694824219
2005-08-31,112.83999633789062
2005-09-01,112.94999694824219
2005-09-02,112.62000274658203
2005-09-06,114.05000305175781
2005-09-07,114.33999633789062
2005-09-08,113.91000366210938
2005-09-09,114.80999755859375
2005-09-12,114.7300033569336
2005-09-13,113.9000015258789
2005-09-14,113.52999877929688
2005-09-15,113.58000183105469
2005-09-16,114.52999877929688
2005-09-19,113.88999938964844
2005-09-20,112.98999786376953
2005-09-21,111.97000122070312
2005-09-22,112.4000015258789
2005-09-23,111.93000030517578
2005-09-26,111.95999908447266
2005-09-27,111.95999908447266
2005-09-28,112.0999984741211
2005-09-29,113.08999633789062
2005-09-30,113.19999694824219
2005-10-03,113.0
2005-10-04,111.88999938964844
2005-10-05,110.26000213623047
2005-10-06,109.80999755859375
2005-10-07,110.22000122070312
2005-10-10,109.43000030517578
2005-10-11,109.20999908447266
2005-10-12,108.55999755859375
2005-10-13,108.4800033569336
2005-10-14,109.37999725341797
2005-10-17,109.69999694824219
2005-10-18,108.5999984741211
2005-10-19,110.2300033569336
2005-10-20,108.58000183105469
2005-10-21,108.75
2005-10-24,110.58999633789062
2005-10-25,110.30999755859375
2005-10-26,109.83000183105469
2005-10-27,108.69999694824219
2005-10-28,110.51000213623047
2005-10-31,111.30000305175781
2005-11-01,110.9000015258789
2005-11-02,112.02999877929688
2005-11-03,112.54000091552734
2005-11-04,112.55999755859375
2005-11-07,112.80999755859375
2005-11-08,112.47000122070312
2005-11-09,112.66999816894531
2005-11-10,113.63999938964844
2005-11-11,113.98999786376953
2005-11-14,113.91000366210938
2005-11-15,113.4800033569336
2005-11-16,113.69999694824219
2005-11-17,114.77999877929688
2005-11-18,115.30000305175781
2005-11-21,115.9000015258789
2005-11-22,116.5
2005-11-23,116.91000366210938
2005-11-25,117.1500015258789
2005-11-28,116.16999816894531
2005-11-29,116.19000244140625
2005-11-30,115.48999786376953
2005-12-01,116.9000015258789
2005-12-02,116.93000030517578
2005-12-05,116.66000366210938
2005-12-06,116.80999755859375
2005-12-07,116.25
2005-12-08,116.12000274658203
2005-12-09,116.44000244140625
2005-12-12,116.54000091552734
2005-12-13,117.19999694824219
2005-12-14,117.69999694824219
2005-12-15,117.54000091552734
2005-12-16,117.19999694824219
2005-12-19,116.5199966430664
2005-12-20,116.48999786376953
2005-12-21,116.79000091552734
2005-12-22,117.30999755859375
2005-12-23,117.37999725341797
2005-12-27,116.25
2005-12-28,115.81999969482422
2005-12-29,115.4800033569336
2005-12-30,114.91999816894531
2006-01-03,116.81999969482422
2006-01-04,117.2699966430664
2006-01-05,117.27999877929688
2006-01-06,118.41000366210938
2006-01-09,118.83999633789062
2006-01-10,118.80000305175781
2006-01-11,119.2300033569336
2006-01-12,118.4800033569336
2006-01-13,118.62000274658203
2006-01-17,118.19000244140625
2006-01-18,117.73999786376953
2006-01-19,118.4000015258789
2006-01-20,116.2300033569336
2006-01-23,116.44000244140625
2006-01-24,116.72000122070312
2006-01-25,116.52999877929688
2006-01-26,117.37000274658203
2006-01-27,118.29000091552734
2006-01-30,118.43000030517578
2006-01-31,117.95999908447266
2006-02-01,118.19000244140625
2006-02-02,117.1500015258789
2006-02-03,116.52999877929688
2006-02-06,116.62999725341797
2006-02-07,115.68000030517578
2006-02-08,116.7300033569336
2006-02-09,116.56999969482422
2006-02-10,116.86000061035156
2006-02-13,116.5
2006-02-14,117.68000030517578
2006-02-15,118.12000274658203
2006-02-16,118.98999786376953
2006-02-17,118.80000305175781
2006-02-21,118.41000366210938
2006-02-22,119.30999755859375
2006-02-23,118.88999938964844
2006-02-24,119.05999755859375
2006-02-27,119.51000213623047
2006-02-28,118.26000213623047
2006-03-01,119.2699966430664
2006-03-02,119.08000183105469
2006-03-03,118.91000366210938
2006-03-06,118.08000183105469
2006-03-07,117.87000274658203
2006-03-08,118.13999938964844
2006-03-09,117.55999755859375
2006-03-10,118.43000030517578
2006-03-13,118.69999694824219
2006-03-14,119.93000030517578
2006-03-15,120.44999694824219
2006-03-16,120.66999816894531
2006-03-17,120.3499984741211
2006-03-20,120.1500015258789
2006-03-21,119.43000030517578
2006-03-22,120.1500015258789
2006-03-23,119.83999633789062
2006-03-24,119.95999908447266
2006-03-27,119.83000183105469
2006-03-28,119.05999755859375
2006-03-29,119.9800033569336
2006-03-30,119.73999786376953
2006-03-31,119.23999786376953
2006-04-03,119.5199966430664
2006-04-04,120.27999877929688
2006-04-05,120.80999755859375
2006-04-06,120.5999984741211
2006-04-07,119.36000061035156
2006-04-10,119.45999908447266
2006-04-11,118.55000305175781
2006-04-12,118.69999694824219
2006-04-13,118.79000091552734
2006-04-17,118.44000244140625
2006-04-18,120.5
2006-04-19,120.72000122070312
2006-04-20,120.86000061035156
2006-04-21,120.8499984741211
2006-04-24,120.55999755859375
2006-04-25,119.97000122070312
2006-04-26,120.31999969482422
2006-04-27,120.75
2006-04-28,120.83000183105469
2006-05-01,120.33000183105469
2006-05-02,121.06999969482422
2006-05-03,120.5999984741211
2006-05-04,121.01000213623047
2006-05-05,122.25
2006-05-08,122.16000366210938
2006-05-09,122.20999908447266
2006-05-10,122.05000305175781
2006-05-11,120.51000213623047
2006-05-12,119.1500015258789
2006-05-15,119.47000122070312
2006-05-16,119.23999786376953
2006-05-17,117.2699966430664
2006-05-18,116.48999786376953
2006-05-19,116.97000122070312
2006-05-22,116.51000213623047
2006-05-23,116.0
2006-05-24,116.19000244140625
2006-05-25,117.52999877929688
2006-05-26,118.20999908447266
2006-05-30,116.3499984741211
2006-05-31,117.33000183105469
2006-06-01,118.77999877929688
2006-06-02,119.01000213623047
2006-06-05,116.9000015258789
2006-06-06,116.7699966430664
2006-06-07,116.08000183105469
2006-06-08,116.25
2006-06-09,115.7300033569336
2006-06-12,114.26000213623047
2006-06-13,113.12000274658203
2006-06-14,113.70999908447266
2006-06-15,116.12999725341797
2006-06-16,115.69999694824219
2006-06-19,114.6500015258789
2006-06-20,114.6500015258789
2006-06-21,115.7699966430664
2006-06-22,115.18000030517578
2006-06-23,114.5999984741211
2006-06-26,115.16000366210938
2006-06-27,114.11000061035156
2006-06-28,114.76000213623047
2006-06-29,117.23999786376953
2006-06-30,116.98999786376953
2006-07-03,117.93000030517578
2006-07-05,117.08000183105469
2006-07-06,117.4000015258789
2006-07-07,116.61000061035156
2006-07-10,116.77999877929688
2006-07-11,117.2699966430664
2006-07-12,116.0
2006-07-13,114.48999786376953
2006-07-14,113.93000030517578
2006-07-17,113.7699966430664
2006-07-18,114.0
2006-07-19,116.12000274658203
2006-07-20,115.13999938964844
2006-07-21,114.31999969482422
2006-07-24,116.22000122070312
2006-07-25,116.95999908447266
2006-07-26,116.91999816894531
2006-07-27,116.44999694824219
2006-07-28,117.87000274658203
2006-07-31,117.69999694824219
2006-08-01,117.16999816894531
2006-08-02,117.88999938964844
2006-08-03,118.08999633789062
2006-08-04,118.0
2006-08-07,117.68000030517578
2006-08-08,117.29000091552734
2006-08-09,116.80999755859375
2006-08-10,117.37000274658203
2006-08-11,116.91999816894531
2006-08-14,117.05999755859375
2006-08-15,118.66999816894531
2006-08-16,119.61000061035156
2006-08-17,119.80000305175781
2006-08-18,120.25
2006-08-21,119.80999755859375
2006-08-22,119.93000030517578
2006-08-23,119.4000015258789
2006-08-24,119.68000030517578
2006-08-25,119.5999984741211
2006-08-28,120.22000122070312
2006-08-29,120.47000122070312
2006-08-30,120.5199966430664
2006-08-31,120.4800033569336
2006-09-01,121.1500015258789
2006-09-05,121.36000061035156
2006-09-06,120.18000030517578
2006-09-07,119.5999984741211
2006-09-08,120.05999755859375
2006-09-11,120.12000274658203
2006-09-12,121.37999725341797
2006-09-13,121.87000274658203
2006-09-14,121.70999908447266
2006-09-15,122.04000091552734
2006-09-18,122.16000366210938
2006-09-19,121.9000015258789
2006-09-20,122.52999877929688
2006-09-21,121.9000015258789
2006-09-22,121.08000183105469
2006-09-25,122.13999938964844
2006-09-26,123.05999755859375
2006-09-27,123.11000061035156
2006-09-28,123.3499984741211
2006-09-29,123.04000091552734
2006-10-02,122.62000274658203
2006-10-03,122.88999938964844
2006-10-04,124.4000015258789
2006-10-05,124.70999908447266
2006-10-06,124.37000274658203
2006-10-09,124.47000122070312
2006-10-10,124.7300033569336
2006-10-11,124.41999816894531
2006-10-12,125.61000061035156
2006-10-13,125.86000061035156
2006-10-16,126.18000030517578
2006-10-17,125.72000122070312
2006-10-18,125.91000366210938
2006-10-19,126.0
2006-10-20,126.16000366210938
2006-10-23,126.93000030517578
2006-10-24,126.95999908447266
2006-10-25,127.41000366210938
2006-10-26,128.0399932861328
2006-10-27,126.9800033569336
2006-10-30,127.04000091552734
2006-10-31,127.04000091552734
2006-11-01,126.12000274658203
2006-11-02,126.11000061035156
2006-11-03,125.83999633789062
2006-11-06,127.2699966430664
2006-11-07,127.55000305175781
2006-11-08,127.8499984741211
2006-11-09,127.19000244140625
2006-11-10,127.43000030517578
2006-11-13,127.77999877929688
2006-11-14,128.61000061035156
2006-11-15,128.9499969482422
2006-11-16,129.24000549316406
2006-11-17,129.3800048828125
2006-11-20,129.32000732421875
2006-11-21,129.52999877929688
2006-11-22,129.85000610351562
2006-11-24,129.3800048828125
2006-11-27,127.62999725341797
2006-11-28,128.08999633789062
2006-11-29,129.3300018310547
2006-11-30,129.42999267578125
2006-12-01,129.0800018310547
2006-12-04,130.22000122070312
2006-12-05,130.75
2006-12-06,130.61000061035156
2006-12-07,130.08999633789062
2006-12-08,130.3300018310547
2006-12-11,130.6300048828125
2006-12-12,130.49000549316406
2006-12-13,130.6699981689453
2006-12-14,131.80999755859375
2006-12-15,131.9600067138672
2006-12-18,131.5399932861328
2006-12-19,131.8300018310547
2006-12-20,131.63999938964844
2006-12-21,131.19000244140625
2006-12-22,130.50999450683594
2006-12-26,130.42999267578125
2006-12-27,131.3699951171875
2006-12-28,131.17999267578125
2006-12-29,130.58999633789062
2007-01-03,130.4499969482422
2007-01-04,130.61000061035156
2007-01-05,129.82000732421875
2007-01-08,130.14999389648438
2007-01-09,130.0800018310547
2007-01-10,130.35000610351562
2007-01-11,131.1699981689453
2007-01-12,131.80999755859375
2007-01-16,131.91000366210938
2007-01-17,131.80999755859375
2007-01-18,131.4199981689453
2007-01-19,131.8000030517578
2007-01-22,131.11000061035156
2007-01-23,131.57000732421875
2007-01-24,132.69000244140625
2007-01-25,131.19000244140625
2007-01-26,131.0399932861328
2007-01-29,130.89999389648438
2007-01-30,131.66000366210938
2007-01-31,132.5399932861328
2007-02-01,133.27999877929688
2007-02-02,133.50999450683594
2007-02-05,133.38999938964844
2007-02-06,133.49000549316406
2007-02-07,133.72999572753906
2007-02-08,133.57000732421875
2007-02-09,132.6300048828125
2007-02-12,132.1999969482422
2007-02-13,133.22999572753906
2007-02-14,134.27999877929688
2007-02-15,134.42999267578125
2007-02-16,134.32000732421875
2007-02-20,134.6999969482422
2007-02-21,134.52000427246094
2007-02-22,134.42999267578125
2007-02-23,133.97000122070312
2007-02-26,133.82000732421875
2007-02-27,129.19000244140625
2007-02-28,129.92999267578125
2007-03-01,129.60000610351562
2007-03-02,128.1199951171875
2007-03-05,126.91999816894531
2007-03-06,128.88999938964844
2007-03-07,128.61000061035156
2007-03-08,129.5399932861328
2007-03-09,129.6199951171875
2007-03-12,129.97000122070312
2007-03-13,127.37000274658203
2007-03-14,128.22999572753906
2007-03-15,128.6999969482422
2007-03-16,128.2100067138672
2007-03-19,129.60000610351562
2007-03-20,130.42999267578125
2007-03-21,132.66000366210938
2007-03-22,132.61000061035156
2007-03-23,132.1999969482422
2007-03-26,132.3300018310547
2007-03-27,131.50999450683594
2007-03-28,130.49000549316406
2007-03-29,130.99000549316406
2007-03-30,130.8300018310547
2007-04-02,131.1699981689453
2007-04-03,132.41000366210938
2007-04-04,132.57000732421875
2007-04-05,133.00999450683594
2007-04-09,133.08999633789062
2007-04-10,133.42999267578125
2007-04-11,132.57000732421875
2007-04-12,133.39999389648438
2007-04-13,133.86000061035156
2007-04-16,135.3000030517578
2007-04-17,135.57000732421875
2007-04-18,135.6699981689453
2007-04-19,135.50999450683594
2007-04-20,136.77000427246094
2007-04-23,136.4499969482422
2007-04-24,136.39999389648438
2007-04-25,137.8000030517578
2007-04-26,137.6999969482422
2007-04-27,137.69000244140625
2007-04-30,136.61000061035156
2007-05-01,136.97000122070312
2007-05-02,137.8699951171875
2007-05-03,138.50999450683594
2007-05-04,138.80999755859375
2007-05-07,139.1699981689453
2007-05-08,139.02000427246094
2007-05-09,139.5
2007-05-10,137.5800018310547
2007-05-11,138.9199981689453
2007-05-14,138.67999267578125
2007-05-15,138.50999450683594
2007-05-16,139.74000549316406
2007-05-17,139.6199951171875
2007-05-18,140.5500030517578
2007-05-21,140.75999450683594
2007-05-22,140.6699981689453
2007-05-23,140.5
2007-05-24,139.16000366210938
2007-05-25,139.9199981689453
2007-05-29,140.14999389648438
2007-05-30,141.32000732421875
2007-05-31,141.36000061035156
2007-06-01,141.88999938964844
2007-06-04,142.14999389648438
2007-06-05,141.39999389648438
2007-06-06,140.17999267578125
2007-06-07,137.72999572753906
2007-06-08,139.2899932861328
2007-06-11,139.42999267578125
2007-06-12,137.94000244140625
2007-06-13,140.05999755859375
2007-06-14,140.75
2007-06-15,141.6699981689453
2007-06-18,141.49000549316406
2007-06-19,141.74000549316406
2007-06-20,139.80999755859375
2007-06-21,140.7100067138672
2007-06-22,138.32000732421875
2007-06-25,137.8800048828125
2007-06-26,137.42999267578125
2007-06-27,138.6999969482422
2007-06-28,138.64999389648438
2007-06-29,138.42999267578125
2007-07-02,139.91000366210938
2007-07-03,140.44000244140625
2007-07-05,140.49000549316406
2007-07-06,140.99000549316406
2007-07-09,141.1199951171875
2007-07-10,139.1199951171875
2007-07-11,139.92999267578125
2007-07-12,142.60000610351562
2007-07-13,143.0500030517578
2007-07-16,142.77000427246094
2007-07-17,142.75999450683594
2007-07-18,142.50999450683594
2007-07-19,143.14999389648438
2007-07-20,141.39999389648438
2007-07-23,142.08999633789062
2007-07-24,139.27000427246094
2007-07-25,139.9199981689453
2007-07-26,136.66000366210938
2007-07-27,134.49000549316406
2007-07-30,135.8699951171875
2007-07-31,134.14999389648438
2007-08-01,135.1300048828125
2007-08-02,135.75999450683594
2007-08-03,132.16000366210938
2007-08-06,135.35000610351562
2007-08-07,136.17999267578125
2007-08-08,138.14999389648438
2007-08-09,134.0800018310547
2007-08-10,134.1300048828125
2007-08-13,134.0800018310547
2007-08-14,131.6699981689453
2007-08-15,129.8699951171875
2007-08-16,130.3000030517578
2007-08-17,133.5
2007-08-20,133.4600067138672
2007-08-21,133.61000061035156
2007-08-22,135.17999267578125
2007-08-23,135.0399932861328
2007-08-24,136.61000061035156
2007-08-27,135.44000244140625
2007-08-28,132.27000427246094
2007-08-29,135.1999969482422
2007-08-30,134.64999389648438
2007-08-31,136.16000366210938
2007-09-04,137.5800018310547
2007-09-05,136.05999755859375
2007-09-06,136.6699981689453
2007-09-07,134.36000061035156
2007-09-10,134.19000244140625
2007-09-11,136.02000427246094
2007-09-12,136.05999755859375
2007-09-13,137.22000122070312
2007-09-14,137.24000549316406
2007-09-17,136.5399932861328
2007-09-18,140.52999877929688
2007-09-19,141.38999938964844
2007-09-20,140.47000122070312
2007-09-21,140.49000549316406
2007-09-24,139.75
2007-09-25,139.7100067138672
2007-09-26,140.49000549316406
2007-09-27,141.0399932861328
2007-09-28,140.61000061035156
2007-10-01,142.47999572753906
2007-10-02,142.4499969482422
2007-10-03,141.8300018310547
2007-10-04,142.1300048828125
2007-10-05,143.52999877929688
2007-10-08,143.05999755859375
2007-10-09,144.22000122070312
2007-10-10,143.99000549316406
2007-10-11,143.25
2007-10-12,143.92999267578125
2007-10-15,142.72999572753906
2007-10-16,141.7899932861328
2007-10-17,142.0500030517578
2007-10-18,141.94000244140625
2007-10-19,138.30999755859375
2007-10-22,138.8300018310547
2007-10-23,140.05999755859375
2007-10-24,139.72000122070312
2007-10-25,139.5800018310547
2007-10-26,141.50999450683594
2007-10-29,142.0500030517578
2007-10-30,141.1300048828125
2007-10-31,142.8300018310547
2007-11-01,139.10000610351562
2007-11-02,139.2100067138672
2007-11-05,138.52999877929688
2007-11-06,140.1999969482422
2007-11-07,136.16000366210938
2007-11-08,136.0800018310547
2007-11-09,134.13999938964844
2007-11-12,132.8000030517578
2007-11-13,136.7100067138672
2007-11-14,135.77999877929688
2007-11-15,133.99000549316406
2007-11-16,134.6999969482422
2007-11-19,132.35000610351562
2007-11-20,132.9499969482422
2007-11-21,130.83999633789062
2007-11-23,133.05999755859375
2007-11-26,129.97000122070312
2007-11-27,131.91000366210938
2007-11-28,135.72000122070312
2007-11-29,135.8000030517578
2007-11-30,136.85000610351562
2007-12-03,136.0500030517578
2007-12-04,135.16000366210938
2007-12-05,137.2899932861328
2007-12-06,139.36000061035156
2007-12-07,139.1199951171875
2007-12-10,140.16000366210938
2007-12-11,136.6199951171875
2007-12-12,137.47000122070312
2007-12-13,137.63999938964844
2007-12-14,135.75
2007-12-17,133.72000122070312
2007-12-18,134.55999755859375
2007-12-19,134.3800048828125
2007-12-20,135.07000732421875
2007-12-21,136.58999633789062
2007-12-24,137.69000244140625
2007-12-26,137.80999755859375
2007-12-27,135.8800048828125
2007-12-28,136.0800018310547
2007-12-31,135.14999389648438
2008-01-02,133.22000122070312
2008-01-03,133.22000122070312
2008-01-04,129.9499969482422
2008-01-07,130.3699951171875
2008-01-08,128.02000427246094
2008-01-09,129.77000427246094
2008-01-10,130.8000030517578
2008-01-11,129.0399932861328
2008-01-14,130.44000244140625
2008-01-15,127.19000244140625
2008-01-16,126.4800033569336
2008-01-17,122.80999755859375
2008-01-18,122.06999969482422
2008-01-22,120.70999908447266
2008-01-23,123.30000305175781
2008-01-24,124.54000091552734
2008-01-25,122.56999969482422
2008-01-28,124.72000122070312
2008-01-29,125.5
2008-01-30,124.91000366210938
2008-01-31,127.0199966430664
2008-02-01,128.5800018310547
2008-02-04,127.2300033569336
2008-02-05,123.16999816894531
2008-02-06,122.27999877929688
2008-02-07,123.27999877929688
2008-02-08,122.76000213623047
2008-02-11,123.48999786376953
2008-02-12,124.38999938964844
2008-02-13,126.12999725341797
2008-02-14,124.44000244140625
2008-02-15,124.55000305175781
2008-02-19,124.44999694824219
2008-02-20,125.48999786376953
2008-02-21,123.91999816894531
2008-02-22,124.91000366210938
2008-02-25,126.63999938964844
2008-02-26,127.5199966430664
2008-02-27,127.43000030517578
2008-02-28,126.30000305175781
2008-02-29,122.88999938964844
2008-03-03,122.94999694824219
2008-03-04,122.52999877929688
2008-03-05,123.2300033569336
2008-03-06,120.54000091552734
2008-03-07,119.5199966430664
2008-03-10,117.69000244140625
2008-03-11,122.05999755859375
2008-03-12,120.98999786376953
2008-03-13,121.62000274658203
2008-03-14,119.08999633789062
2008-03-17,118.04000091552734
2008-03-18,123.05000305175781
2008-03-19,120.05999755859375
2008-03-20,122.94000244140625
2008-03-24,124.81999969482422
2008-03-25,125.11000061035156
2008-03-26,124.0199966430664
2008-03-27,122.0199966430664
2008-03-28,121.05999755859375
2008-03-31,121.75
2008-04-01,126.12000274658203
2008-04-02,125.9000015258789
2008-04-03,126.05999755859375
2008-04-04,126.16000366210938
2008-04-07,126.36000061035156
2008-04-08,125.76000213623047
2008-04-09,124.75
2008-04-10,125.30999755859375
2008-04-11,122.7699966430664
2008-04-14,122.3499984741211
2008-04-15,122.91999816894531
2008-04-16,125.72000122070312
2008-04-17,125.80999755859375
2008-04-18,128.0800018310547
2008-04-21,127.88999938964844
2008-04-22,126.76000213623047
2008-04-23,127.12999725341797
2008-04-24,127.94999694824219
2008-04-25,128.77999877929688
2008-04-28,128.64999389648438
2008-04-29,128.14999389648438
2008-04-30,127.66999816894531
2008-05-01,129.8800048828125
2008-05-02,130.3000030517578
2008-05-05,129.72000122070312
2008-05-06,130.7100067138672
2008-05-07,128.39999389648438
2008-05-08,128.8699951171875
2008-05-09,128.02999877929688
2008-05-12,129.4499969482422
2008-05-13,129.42999267578125
2008-05-14,129.97000122070312
2008-05-15,131.3699951171875
2008-05-16,131.5399932861328
2008-05-19,131.6699981689453
2008-05-20,130.4499969482422
2008-05-21,128.36000061035156
2008-05-22,128.72000122070312
2008-05-23,127.0199966430664
2008-05-27,127.88999938964844
2008-05-28,128.4199981689453
2008-05-29,129.1199951171875
2008-05-30,129.30999755859375
2008-06-02,127.95999908447266
2008-06-03,127.22000122070312
2008-06-04,127.23999786376953
2008-06-05,129.72999572753906
2008-06-06,125.73999786376953
2008-06-09,125.83999633789062
2008-06-10,125.54000091552734
2008-06-11,123.44000244140625
2008-06-12,123.86000061035156
2008-06-13,125.72000122070312
2008-06-16,125.7300033569336
2008-06-17,124.87999725341797
2008-06-18,123.66999816894531
2008-06-19,124.16999816894531
2008-06-20,121.87000274658203
2008-06-23,121.87000274658203
2008-06-24,121.52999877929688
2008-06-25,122.25
2008-06-26,118.12000274658203
2008-06-27,117.68000030517578
2008-06-30,117.83000183105469
2008-07-01,118.30999755859375
2008-07-02,116.16000366210938
2008-07-03,116.29000091552734
2008-07-07,115.31999969482422
2008-07-08,117.33000183105469
2008-07-09,114.66999816894531
2008-07-10,115.47000122070312
2008-07-11,114.19999694824219
2008-07-14,113.16999816894531
2008-07-15,111.94000244140625
2008-07-16,114.76000213623047
2008-07-17,116.13999938964844
2008-07-18,116.18000030517578
2008-07-21,116.12000274658203
2008-07-22,117.69000244140625
2008-07-23,118.16000366210938
2008-07-24,115.43000030517578
2008-07-25,115.91999816894531
2008-07-28,113.76000213623047
2008-07-29,116.43000030517578
2008-07-30,118.37999725341797
2008-07-31,116.8499984741211
2008-08-01,116.19999694824219
2008-08-04,115.16000366210938
2008-08-05,118.47000122070312
2008-08-06,118.93000030517578
2008-08-07,116.80999755859375
2008-08-08,119.5999984741211
2008-08-11,120.45999908447266
2008-08-12,119.01000213623047
2008-08-13,118.70999908447266
2008-08-14,119.37000274658203
2008-08-15,119.87000274658203
2008-08-18,118.06999969482422
2008-08-19,116.9800033569336
2008-08-20,117.70999908447266
2008-08-21,118.01000213623047
2008-08-22,119.36000061035156
2008-08-25,117.0199966430664
2008-08-26,117.44999694824219
2008-08-27,118.41000366210938
2008-08-28,120.18000030517578
2008-08-29,118.54000091552734
2008-09-02,118.05000305175781
2008-09-03,117.87000274658203
2008-09-04,114.3499984741211
2008-09-05,114.86000061035156
2008-09-08,117.2300033569336
2008-09-09,113.2300033569336
2008-09-10,113.93000030517578
2008-09-11,115.54000091552734
2008-09-12,115.79000091552734
2008-09-15,110.36000061035156
2008-09-16,112.2699966430664
2008-09-17,106.9800033569336
2008-09-18,111.63999938964844
2008-09-19,116.13999938964844
2008-09-22,111.70999908447266
2008-09-23,109.95999908447266
2008-09-24,109.75
2008-09-25,111.2699966430664
2008-09-26,111.6500015258789
2008-09-29,101.8499984741211
2008-09-30,107.37000274658203
2008-10-01,106.9000015258789
2008-10-02,102.61000061035156
2008-10-03,101.2300033569336
2008-10-06,97.33000183105469
2008-10-07,91.73999786376953
2008-10-08,90.75
2008-10-09,83.83999633789062
2008-10-10,82.87000274658203
2008-10-13,92.45999908447266
2008-10-14,91.97000122070312
2008-10-15,83.66999816894531
2008-10-16,87.2300033569336
2008-10-17,86.69000244140625
2008-10-20,90.81999969482422
2008-10-21,88.02999877929688
2008-10-22,82.66999816894531
2008-10-23,83.72000122070312
2008-10-24,80.81999969482422
2008-10-27,78.25
2008-10-28,86.69999694824219
2008-10-29,85.75
2008-10-30,87.98999786376953
2008-10-31,89.33999633789062
2008-11-03,89.12000274658203
2008-11-04,92.75
2008-11-05,87.91999816894531
2008-11-06,83.5199966430664
2008-11-07,85.95999908447266
2008-11-10,84.88999938964844
2008-11-11,83.01000213623047
2008-11-12,78.75
2008-11-13,84.19999694824219
2008-11-14,80.69999694824219
2008-11-17,78.62999725341797
2008-11-18,79.43000030517578
2008-11-19,74.58000183105469
2008-11-20,69.56999969482422
2008-11-21,73.98999786376953
2008-11-24,78.77999877929688
2008-11-25,79.30000305175781
2008-11-26,82.13999938964844
2008-11-28,82.93000030517578
2008-12-01,75.54000091552734
2008-12-02,78.55999755859375
2008-12-03,80.62999725341797
2008-12-04,78.2699966430664
2008-12-05,81.12000274658203
2008-12-08,84.25
2008-12-09,82.30999755859375
2008-12-10,83.29000091552734
2008-12-11,80.94000244140625
2008-12-12,81.51000213623047
2008-12-15,80.48999786376953
2008-12-16,84.62000274658203
2008-12-17,83.80999755859375
2008-12-18,82.05000305175781
2008-12-19,82.2699966430664
2008-12-22,80.77999877929688
2008-12-23,80.0
2008-12-24,80.5
2008-12-26,80.2300033569336
2008-12-29,79.97000122070312
2008-12-30,81.93000030517578
2008-12-31,83.08999633789062
2009-01-02,85.75
2009-01-05,85.3499984741211
2009-01-06,86.0199966430664
2009-01-07,83.4800033569336
2009-01-08,83.7699966430664
2009-01-09,81.9800033569336
2009-01-12,80.13999938964844
2009-01-13,80.27999877929688
2009-01-14,77.5999984741211
2009-01-15,77.70999908447266
2009-01-16,78.30000305175781
2009-01-20,74.16999816894531
2009-01-21,77.4000015258789
2009-01-22,76.2300033569336
2009-01-23,76.63999938964844
2009-01-26,77.05999755859375
2009-01-27,77.91000366210938
2009-01-28,80.52999877929688
2009-01-29,77.87000274658203
2009-01-30,76.0999984741211
2009-02-02,76.05000305175781
2009-02-03,77.26000213623047
2009-02-04,76.73999786376953
2009-02-05,78.0
2009-02-06,80.12999725341797
2009-02-09,80.25
2009-02-10,76.30999755859375
2009-02-11,76.94999694824219
2009-02-12,77.0999984741211
2009-02-13,76.33000183105469
2009-02-17,72.87000274658203
2009-02-18,72.80999755859375
2009-02-19,71.98999786376953
2009-02-20,71.19000244140625
2009-02-23,68.72000122070312
2009-02-24,71.47000122070312
2009-02-25,70.7300033569336
2009-02-26,69.62999725341797
2009-02-27,67.98999786376953
2009-03-02,64.83000183105469
2009-03-03,64.4000015258789
2009-03-04,65.95999908447266
2009-03-05,63.15999984741211
2009-03-06,63.2599983215332
2009-03-09,62.650001525878906
2009-03-10,66.62999725341797
2009-03-11,66.81999969482422
2009-03-12,69.55000305175781
2009-03-13,70.08999633789062
2009-03-16,69.83999633789062
2009-03-17,72.08000183105469
2009-03-18,73.56999969482422
2009-03-19,72.62999725341797
2009-03-20,71.19999694824219
2009-03-23,76.23999786376953
2009-03-24,74.69000244140625
2009-03-25,75.41000366210938
2009-03-26,76.63999938964844
2009-03-27,75.11000061035156
2009-03-30,72.48999786376953
2009-03-31,73.44000244140625
2009-04-01,74.66999816894531
2009-04-02,76.81999969482422
2009-04-03,77.56999969482422
2009-04-06,76.91999816894531
2009-04-07,75.13999938964844
2009-04-08,76.02999877929688
2009-04-09,78.91999816894531
2009-04-13,79.11000061035156
2009-04-14,77.5199966430664
2009-04-15,78.5
2009-04-16,79.72000122070312
2009-04-17,80.12000274658203
2009-04-20,76.70999908447266
2009-04-21,78.33000183105469
2009-04-22,77.73999786376953
2009-04-23,78.5199966430664
2009-04-24,79.83999633789062
2009-04-27,79.04000091552734
2009-04-28,78.81999969482422
2009-04-29,80.52999877929688
2009-04-30,80.45999908447266
2009-05-01,80.9000015258789
2009-05-04,83.63999938964844
2009-05-05,83.33999633789062
2009-05-06,84.80000305175781
2009-05-07,83.69999694824219
2009-05-08,85.69999694824219
2009-05-11,83.91000366210938
2009-05-12,83.83000183105469
2009-05-13,81.61000061035156
2009-05-14,82.45999908447266
2009-05-15,81.55000305175781
2009-05-18,84.02999877929688
2009-05-19,83.9000015258789
2009-05-20,83.47000122070312
2009-05-21,82.0999984741211
2009-05-22,81.9800033569336
2009-05-26,84.13999938964844
2009-05-27,82.55999755859375
2009-05-28,83.83999633789062
2009-05-29,84.9800033569336
2009-06-01,87.16999816894531
2009-06-02,87.3499984741211
2009-06-03,86.16999816894531
2009-06-04,87.18000030517578
2009-06-05,86.95999908447266
2009-06-08,86.9000015258789
2009-06-09,87.20999908447266
2009-06-10,86.91000366210938
2009-06-11,87.45999908447266
2009-06-12,87.58000183105469
2009-06-15,85.51000213623047
2009-06-16,84.43000030517578
2009-06-17,84.31999969482422
2009-06-18,85.04000091552734
2009-06-19,85.30000305175781
2009-06-22,82.70999908447266
2009-06-23,82.45999908447266
2009-06-24,83.01000213623047
2009-06-25,84.79000091552734
2009-06-26,84.68000030517578
2009-06-29,85.44000244140625
2009-06-30,84.72000122070312
2009-07-01,85.0999984741211
2009-07-02,82.62999725341797
2009-07-06,82.83999633789062
2009-07-07,81.20999908447266
2009-07-08,81.12000274658203
2009-07-09,81.41000366210938
2009-07-10,81.08000183105469
2009-07-13,83.0999984741211
2009-07-14,83.54000091552734
2009-07-15,86.02999877929688
2009-07-16,86.77999877929688
2009-07-17,86.75
2009-07-20,87.73999786376953
2009-07-21,88.06999969482422
2009-07-22,88.0199966430664
2009-07-23,90.08000183105469
2009-07-24,90.36000061035156
2009-07-27,90.62999725341797
2009-07-28,90.38999938964844
2009-07-29,89.98999786376953
2009-07-30,91.06999969482422
2009-07-31,91.13999938964844
2009-08-03,92.54000091552734
2009-08-04,92.81999969482422
2009-08-05,92.58000183105469
2009-08-06,92.06999969482422
2009-08-07,93.30000305175781
2009-08-10,92.98999786376953
2009-08-11,91.83999633789062
2009-08-12,92.93000030517578
2009-08-13,93.58000183105469
2009-08-14,92.77999877929688
2009-08-17,90.55000305175781
2009-08-18,91.48999786376953
2009-08-19,92.12999725341797
2009-08-20,93.13999938964844
2009-08-21,94.88999938964844
2009-08-24,94.83999633789062
2009-08-25,95.05999755859375
2009-08-26,95.08999633789062
2009-08-27,95.36000061035156
2009-08-28,95.18000030517578
2009-08-31,94.41999816894531
2009-09-01,92.33000183105469
2009-09-02,92.05000305175781
2009-09-03,92.83999633789062
2009-09-04,94.06999969482422
2009-09-08,94.91000366210938
2009-09-09,95.6500015258789
2009-09-10,96.6500015258789
2009-09-11,96.54000091552734
2009-09-14,97.1500015258789
2009-09-15,97.45999908447266
2009-09-16,98.95999908447266
2009-09-17,98.66999816894531
2009-09-18,98.93000030517578
2009-09-21,98.58999633789062
2009-09-22,99.23999786376953
2009-09-23,98.23999786376953
2009-09-24,97.31999969482422
2009-09-25,96.7300033569336
2009-09-28,97.9800033569336
2009-09-29,97.7699966430664
2009-09-30,97.44999694824219
2009-10-01,94.94000244140625
2009-10-02,94.5199966430664
2009-10-05,95.91999816894531
2009-10-06,97.23999786376953
2009-10-07,97.55000305175781
2009-10-08,98.27999877929688
2009-10-09,98.83999633789062
2009-10-12,99.2699966430664
2009-10-13,99.0
2009-10-14,100.73999786376953
2009-10-15,101.16000366210938
2009-10-16,100.33999633789062
2009-10-19,101.27999877929688
2009-10-20,100.66000366210938
2009-10-21,99.77999877929688
2009-10-22,100.8499984741211
2009-10-23,99.62000274658203
2009-10-26,98.44999694824219
2009-10-27,98.12000274658203
2009-10-28,96.22000122070312
2009-10-29,98.38999938964844
2009-10-30,95.62999725341797
2009-11-02,96.25
2009-11-03,96.4800033569336
2009-11-04,96.62000274658203
2009-11-05,98.4800033569336
2009-11-06,98.73999786376953
2009-11-09,100.95999908447266
2009-11-10,100.9800033569336
2009-11-11,101.48999786376953
2009-11-12,100.45999908447266
2009-11-13,101.04000091552734
2009-11-16,102.5199966430664
2009-11-17,102.62000274658203
2009-11-18,102.58999633789062
2009-11-19,101.20999908447266
2009-11-20,100.91000366210938
2009-11-23,102.27999877929688
2009-11-24,102.23999786376953
2009-11-25,102.70999908447266
2009-11-27,100.95999908447266
2009-11-30,101.3499984741211
2009-12-01,102.58000183105469
2009-12-02,102.62999725341797
2009-12-03,101.7699966430664
2009-12-04,102.33000183105469
2009-12-07,102.08000183105469
2009-12-08,101.05000305175781
2009-12-09,101.43000030517578
2009-12-10,102.02999877929688
2009-12-11,102.41999816894531
2009-12-14,103.13999938964844
2009-12-15,102.56999969482422
2009-12-16,102.69000244140625
2009-12-17,101.4800033569336
2009-12-18,102.06999969482422
2009-12-21,103.1500015258789
2009-12-22,103.5199966430664
2009-12-23,103.79000091552734
2009-12-24,104.33999633789062
2009-12-28,103.80999755859375
2009-12-29,103.68000030517578
2009-12-30,103.70999908447266
2009-12-31,102.66999816894531
2010-01-04,104.31999969482422
2010-01-05,104.63999938964844
2010-01-06,104.75
2010-01-07,105.16999816894531
2010-01-08,105.4800033569336
2010-01-11,105.66000366210938
2010-01-12,104.66999816894531
2010-01-13,105.55000305175781
2010-01-14,105.80999755859375
2010-01-15,104.66999816894531
2010-01-19,105.97000122070312
2010-01-20,104.86000061035156
2010-01-21,102.87999725341797
2010-01-22,100.5999984741211
2010-01-25,101.05999755859375
2010-01-26,100.63999938964844
2010-01-27,101.13999938964844
2010-01-28,99.94999694824219
2010-01-29,98.97000122070312
2010-02-01,100.37999725341797
2010-02-02,101.68000030517578
2010-02-03,101.16000366210938
2010-02-04,98.01000213623047
2010-02-05,98.29000091552734
2010-02-08,97.44999694824219
2010-02-09,98.7300033569336
2010-02-10,98.52999877929688
2010-02-11,99.5
2010-02-12,99.25
2010-02-16,101.05000305175781
2010-02-17,101.5
2010-02-18,102.16999816894531
2010-02-19,102.41000366210938
2010-02-22,102.30000305175781
2010-02-23,101.06999969482422
2010-02-24,102.06999969482422
2010-02-25,101.87999725341797
2010-02-26,102.02999877929688
2010-03-01,103.05999755859375
2010-03-02,103.30000305175781
2010-03-03,103.36000061035156
2010-03-04,103.75
2010-03-05,105.20999908447266
2010-03-08,105.20999908447266
2010-03-09,105.38999938964844
2010-03-10,105.87999725341797
2010-03-11,106.33000183105469
2010-03-12,106.30999755859375
2010-03-15,106.36000061035156
2010-03-16,107.19999694824219
2010-03-17,107.83000183105469
2010-03-18,107.79000091552734
2010-03-19,107.23999786376953
2010-03-22,107.79000091552734
2010-03-23,108.58000183105469
2010-03-24,107.9800033569336
2010-03-25,107.80000305175781
2010-03-26,107.87999725341797
2010-03-29,108.06999969482422
2010-03-30,108.08999633789062
2010-03-31,107.7300033569336
2010-04-01,108.54000091552734
2010-04-05,109.4000015258789
2010-04-06,109.58999633789062
2010-04-07,108.98999786376953
2010-04-08,109.36000061035156
2010-04-09,110.08999633789062
2010-04-12,110.29000091552734
2010-04-13,110.37000274658203
2010-04-14,111.5999984741211
2010-04-15,111.69999694824219
2010-04-16,109.9000015258789
2010-04-19,110.38999938964844
2010-04-20,111.27999877929688
2010-04-21,111.16999816894531
2010-04-22,111.43000030517578
2010-04-23,112.22000122070312
2010-04-26,111.73999786376953
2010-04-27,109.12000274658203
2010-04-28,109.8499984741211
2010-04-29,111.27999877929688
2010-04-30,109.43000030517578
2010-05-03,110.86000061035156
2010-05-04,108.22000122070312
2010-05-05,107.54000091552734
2010-05-06,104.08000183105469
2010-05-07,102.4800033569336
2010-05-10,106.98999786376953
2010-05-11,106.6500015258789
2010-05-12,108.1500015258789
2010-05-13,106.8499984741211
2010-05-14,104.83999633789062
2010-05-17,104.97000122070312
2010-05-18,103.5
2010-05-19,102.9800033569336
2010-05-20,98.97000122070312
2010-05-21,100.45999908447266
2010-05-24,99.16000366210938
2010-05-25,99.19999694824219
2010-05-26,98.6500015258789
2010-05-27,101.93000030517578
2010-05-28,100.68000030517578
2010-06-01,98.94999694824219
2010-06-02,101.5199966430664
2010-06-03,101.94000244140625
2010-06-04,98.43000030517578
2010-06-07,97.11000061035156
2010-06-08,98.19000244140625
2010-06-09,97.61000061035156
2010-06-10,100.48999786376953
2010-06-11,100.95999908447266
2010-06-14,100.77999877929688
2010-06-15,103.1500015258789
2010-06-16,103.0999984741211
2010-06-17,103.23999786376953
2010-06-18,103.37999725341797
2010-06-21,102.9800033569336
2010-06-22,101.33999633789062
2010-06-23,101.04000091552734
2010-06-24,99.33999633789062
2010-06-25,99.62000274658203
2010-06-28,98.93000030517578
2010-06-29,95.87000274658203
2010-06-30,94.91000366210938
2010-07-01,94.61000061035156
2010-07-02,94.16999816894531
2010-07-06,94.66999816894531
2010-07-07,97.69000244140625
2010-07-08,98.61000061035156
2010-07-09,99.31999969482422
2010-07-12,99.38999938964844
2010-07-13,100.93000030517578
2010-07-14,100.91000366210938
2010-07-15,101.02999877929688
2010-07-16,98.12999725341797
2010-07-19,98.70999908447266
2010-07-20,99.83999633789062
2010-07-21,98.56999969482422
2010-07-22,100.80000305175781
2010-07-23,101.62999725341797
2010-07-26,102.76000213623047
2010-07-27,102.66000366210938
2010-07-28,101.94999694824219
2010-07-29,101.54000091552734
2010-07-30,101.55000305175781
2010-08-02,103.79000091552734
2010-08-03,103.29000091552734
2010-08-04,103.94999694824219
2010-08-05,103.81999969482422
2010-08-06,103.44999694824219
2010-08-09,104.01000213623047
2010-08-10,103.4000015258789
2010-08-11,100.52999877929688
2010-08-12,100.0
2010-08-13,99.5999984741211
2010-08-16,99.62000274658203
2010-08-17,100.86000061035156
2010-08-18,101.02999877929688
2010-08-19,99.31999969482422
2010-08-20,98.94999694824219
2010-08-23,98.55000305175781
2010-08-24,97.12999725341797
2010-08-25,97.45999908447266
2010-08-26,96.70999908447266
2010-08-27,98.33999633789062
2010-08-30,96.91000366210938
2010-08-31,96.94999694824219
2010-09-01,99.81999969482422
2010-09-02,100.73999786376953
2010-09-03,102.06999969482422
2010-09-07,100.91000366210938
2010-09-08,101.58000183105469
2010-09-09,102.06999969482422
2010-09-10,102.56999969482422
2010-09-13,103.73999786376953
2010-09-14,103.66999816894531
2010-09-15,104.04000091552734
2010-09-16,104.0199966430664
2010-09-17,104.0999984741211
2010-09-20,105.69000244140625
2010-09-21,105.41999816894531
2010-09-22,104.91999816894531
2010-09-23,103.5199966430664
2010-09-24,105.70999908447266
2010-09-27,105.12000274658203
2010-09-28,105.63999938964844
2010-09-29,105.37999725341797
2010-09-30,105.05999755859375
2010-10-01,105.5199966430664
2010-10-04,104.68000030517578
2010-10-05,106.86000061035156
2010-10-06,106.8499984741211
2010-10-07,106.66999816894531
2010-10-08,107.31999969482422
2010-10-11,107.33999633789062
2010-10-12,107.75
2010-10-13,108.5199966430664
2010-10-14,108.12999725341797
2010-10-15,108.3499984741211
2010-10-18,109.12999725341797
2010-10-19,107.4000015258789
2010-10-20,108.55000305175781
2010-10-21,108.75
2010-10-22,109.0
2010-10-25,109.23999786376953
2010-10-26,109.23999786376953
2010-10-27,108.95999908447266
2010-10-28,109.08999633789062
2010-10-29,109.04000091552734
2010-11-01,109.13999938964844
2010-11-02,109.98999786376953
2010-11-03,110.41999816894531
2010-11-04,112.55999755859375
2010-11-05,113.01000213623047
2010-11-08,112.77999877929688
2010-11-09,111.91000366210938
2010-11-10,112.41999816894531
2010-11-11,111.94999694824219
2010-11-12,110.62999725341797
2010-11-15,110.5
2010-11-16,108.73999786376953
2010-11-17,108.77999877929688
2010-11-18,110.44999694824219
2010-11-19,110.73999786376953
2010-11-22,110.56999969482422
2010-11-23,108.98999786376953
2010-11-24,110.62000274658203
2010-11-26,109.81999969482422
2010-11-29,109.69999694824219
2010-11-30,109.04000091552734
2010-12-01,111.41000366210938
2010-12-02,112.83999633789062
2010-12-03,113.13999938964844
2010-12-06,113.0
2010-12-07,113.05999755859375
2010-12-08,113.51000213623047
2010-12-09,113.94999694824219
2010-12-10,114.63999938964844
2010-12-13,114.66000366210938
2010-12-14,114.76000213623047
2010-12-15,114.18000030517578
2010-12-16,114.88999938964844
2010-12-17,114.9800033569336
2010-12-20,115.27999877929688
2010-12-21,115.98999786376953
2010-12-22,116.4000015258789
2010-12-23,115.72000122070312
2010-12-27,115.79000091552734
2010-12-28,115.87999725341797
2010-12-29,116.0199966430664
2010-12-30,115.83999633789062
2010-12-31,115.81999969482422
2011-01-03,117.12999725341797
2011-01-04,116.9800033569336
2011-01-05,117.58000183105469
2011-01-06,117.37999725341797
2011-01-07,117.16000366210938
2011-01-10,117.0
2011-01-11,117.43000030517578
2011-01-12,118.5
2011-01-13,118.30000305175781
2011-01-14,119.18000030517578
2011-01-18,119.3499984741211
2011-01-19,118.1500015258789
2011-01-20,118.0
2011-01-21,118.29000091552734
2011-01-24,118.9800033569336
2011-01-25,119.01000213623047
2011-01-26,119.5199966430664
2011-01-27,119.79000091552734
2011-01-28,117.6500015258789
2011-01-31,118.55000305175781
2011-02-01,120.52999877929688
2011-02-02,120.22000122070312
2011-02-03,120.5199966430664
2011-02-04,120.87000274658203
2011-02-07,121.62999725341797
2011-02-08,122.16999816894531
2011-02-09,121.8499984741211
2011-02-10,121.94999694824219
2011-02-11,122.63999938964844
2011-02-14,122.94999694824219
2011-02-15,122.56999969482422
2011-02-16,123.36000061035156
2011-02-17,123.75
2011-02-18,123.98999786376953
2011-02-22,121.44000244140625
2011-02-23,120.69999694824219
2011-02-24,120.61000061035156
2011-02-25,121.91999816894531
2011-02-28,122.5999984741211
2011-03-01,120.66999816894531
2011-03-02,120.87999725341797
2011-03-03,122.97000122070312
2011-03-04,122.05999755859375
2011-03-07,121.05000305175781
2011-03-08,122.1500015258789
2011-03-09,122.0
2011-03-10,119.69999694824219
2011-03-11,120.58000183105469
2011-03-14,119.8499984741211
2011-03-15,118.51000213623047
2011-03-16,116.20999908447266
2011-03-17,117.76000213623047
2011-03-18,118.2699966430664
2011-03-21,120.04000091552734
2011-03-22,119.62999725341797
2011-03-23,119.9800033569336
2011-03-24,120.58999633789062
2011-03-25,120.9800033569336
2011-03-28,120.63999938964844
2011-03-29,121.5199966430664
2011-03-30,122.33999633789062
2011-03-31,122.12000274658203
2011-04-01,122.7300033569336
2011-04-04,122.77999877929688
2011-04-05,122.76000213623047
2011-04-06,123.08000183105469
2011-04-07,122.9000015258789
2011-04-08,122.4000015258789
2011-04-11,122.05999755859375
2011-04-12,121.12000274658203
2011-04-13,121.1500015258789
2011-04-14,121.16000366210938
2011-04-15,121.63999938964844
2011-04-18,120.30000305175781
2011-04-19,120.98999786376953
2011-04-20,122.62999725341797
2011-04-21,123.27999877929688
2011-04-25,123.08000183105469
2011-04-26,124.18000030517578
2011-04-27,124.9800033569336
2011-04-28,125.43000030517578
2011-04-29,125.72000122070312
2011-05-02,125.5
2011-05-03,125.08000183105469
2011-05-04,124.23999786376953
2011-05-05,123.12000274658203
2011-05-06,123.5999984741211
2011-05-09,124.16999816894531
2011-05-10,125.16999816894531
2011-05-11,123.8499984741211
2011-05-12,124.47000122070312
2011-05-13,123.47000122070312
2011-05-16,122.70999908447266
2011-05-17,122.69000244140625
2011-05-18,123.80000305175781
2011-05-19,124.08000183105469
2011-05-20,123.12000274658203
2011-05-23,121.6500015258789
2011-05-24,121.55000305175781
2011-05-25,121.94999694824219
2011-05-26,122.45999908447266
2011-05-27,122.9800033569336
2011-05-31,124.27999877929688
2011-06-01,121.47000122070312
2011-06-02,121.31999969482422
2011-06-03,120.1500015258789
2011-06-06,118.86000061035156
2011-06-07,118.75
2011-06-08,118.2699966430664
2011-06-09,119.1500015258789
2011-06-10,117.4800033569336
2011-06-13,117.5999984741211
2011-06-14,119.08999633789062
2011-06-15,117.0199966430664
2011-06-16,117.23999786376953
2011-06-17,117.5999984741211
2011-06-20,118.2300033569336
2011-06-21,119.83000183105469
2011-06-22,119.05999755859375
2011-06-23,118.19000244140625
2011-06-24,116.80000305175781
2011-06-27,117.87000274658203
2011-06-28,119.41999816894531
2011-06-29,120.43000030517578
2011-06-30,121.6500015258789
2011-07-01,123.41000366210938
2011-07-05,123.25
2011-07-06,123.41999816894531
2011-07-07,124.72000122070312
2011-07-08,123.8499984741211
2011-07-11,121.61000061035156
2011-07-12,121.06999969482422
2011-07-13,121.45999908447266
2011-07-14,120.63999938964844
2011-07-15,121.30999755859375
2011-07-18,120.33000183105469
2011-07-19,122.29000091552734
2011-07-20,122.2300033569336
2011-07-21,123.88999938964844
2011-07-22,124.01000213623047
2011-07-25,123.30999755859375
2011-07-26,122.80000305175781
2011-07-27,120.30999755859375
2011-07-28,119.93000030517578
2011-07-29,119.16000366210938
2011-08-01,118.66000366210938
2011-08-02,115.62999725341797
2011-08-03,116.25
2011-08-04,110.69999694824219
2011-08-05,110.63999938964844
2011-08-08,103.27999877929688
2011-08-09,108.18000030517578
2011-08-10,103.44999694824219
2011-08-11,108.25
2011-08-12,108.81999969482422
2011-08-15,111.19999694824219
2011-08-16,110.13999938964844
2011-08-17,110.2699966430664
2011-08-18,105.36000061035156
2011-08-19,103.77999877929688
2011-08-22,103.80999755859375
2011-08-23,107.36000061035156
2011-08-24,108.79000091552734
2011-08-25,107.0999984741211
2011-08-26,108.7300033569336
2011-08-29,111.81999969482422
2011-08-30,112.0999984741211
2011-08-31,112.66999816894531
2011-09-01,111.33999633789062
2011-09-02,108.52999877929688
2011-09-06,107.7300033569336
2011-09-07,110.83999633789062
2011-09-08,109.66000366210938
2011-09-09,106.73999786376953
2011-09-12,107.48999786376953
2011-09-13,108.5
2011-09-14,109.95999908447266
2011-09-15,111.87999725341797
2011-09-16,112.5199966430664
2011-09-19,111.41000366210938
2011-09-20,111.2300033569336
2011-09-21,107.95999908447266
2011-09-22,103.97000122070312
2011-09-23,104.61000061035156
2011-09-26,107.05000305175781
2011-09-27,108.19999694824219
2011-09-28,105.98999786376953
2011-09-29,106.8499984741211
2011-09-30,104.18000030517578
2011-10-03,101.22000122070312
2011-10-04,103.51000213623047
2011-10-05,105.41000366210938
2011-10-06,107.3499984741211
2011-10-07,106.4800033569336
2011-10-10,110.11000061035156
2011-10-11,110.16999816894531
2011-10-12,111.2699966430664
2011-10-13,110.94999694824219
2011-10-14,112.87000274658203
2011-10-17,110.69000244140625
2011-10-18,112.94999694824219
2011-10-19,111.54000091552734
2011-10-20,112.05000305175781
2011-10-21,114.16000366210938
2011-10-24,115.62999725341797
2011-10-25,113.30999755859375
2011-10-26,114.5
2011-10-27,118.44000244140625
2011-10-28,118.4800033569336
2011-10-31,115.55000305175781
2011-11-01,112.33000183105469
2011-11-02,114.1500015258789
2011-11-03,116.30999755859375
2011-11-04,115.58000183105469
2011-11-07,116.31999969482422
2011-11-08,117.75
2011-11-09,113.44000244140625
2011-11-10,114.43000030517578
2011-11-11,116.66000366210938
2011-11-14,115.55999755859375
2011-11-15,116.13999938964844
2011-11-16,114.23999786376953
2011-11-17,112.33000183105469
2011-11-18,112.29000091552734
2011-11-21,110.19999694824219
2011-11-22,109.75
2011-11-23,107.33000183105469
2011-11-25,107.05999755859375
2011-11-28,110.19999694824219
2011-11-29,110.4800033569336
2011-11-30,115.27999877929688
2011-12-01,115.06999969482422
2011-12-02,115.04000091552734
2011-12-05,116.2300033569336
2011-12-06,116.36000061035156
2011-12-07,116.62999725341797
2011-12-08,114.16999816894531
2011-12-09,116.08999633789062
2011-12-12,114.36000061035156
2011-12-13,113.38999938964844
2011-12-14,112.12000274658203
2011-12-15,112.48999786376953
2011-12-16,112.86000061035156
2011-12-19,111.52999877929688
2011-12-20,114.87999725341797
2011-12-21,115.0999984741211
2011-12-22,115.43000030517578
2011-12-23,116.47000122070312
2011-12-27,116.4800033569336
2011-12-28,115.05999755859375
2011-12-29,116.29000091552734
2011-12-30,115.80000305175781
2012-01-03,117.58999633789062
2012-01-04,117.63999938964844
2012-01-05,117.9800033569336
2012-01-06,117.7300033569336
2012-01-09,117.98999786376953
2012-01-10,119.04000091552734
2012-01-11,119.08999633789062
2012-01-12,119.37000274658203
2012-01-13,118.77999877929688
2012-01-17,119.19999694824219
2012-01-18,120.54000091552734
2012-01-19,121.13999938964844
2012-01-20,121.2300033569336
2012-01-23,121.27999877929688
2012-01-24,121.16000366210938
2012-01-25,122.20999908447266
2012-01-26,121.5199966430664
2012-01-27,121.33000183105469
2012-01-30,121.0199966430664
2012-01-31,120.97000122070312
2012-02-01,122.06999969482422
2012-02-02,122.20999908447266
2012-02-03,124.01000213623047
2012-02-06,123.95999908447266
2012-02-07,124.20999908447266
2012-02-08,124.5199966430664
2012-02-09,124.70999908447266
2012-02-10,123.8499984741211
2012-02-13,124.72000122070312
2012-02-14,124.62000274658203
2012-02-15,124.0
2012-02-16,125.37999725341797
2012-02-17,125.68000030517578
2012-02-21,125.7699966430664
2012-02-22,125.3499984741211
2012-02-23,125.91000366210938
2012-02-24,126.13999938964844
2012-02-27,126.31999969482422
2012-02-28,126.76000213623047
2012-02-29,126.18000030517578
2012-03-01,126.97000122070312
2012-03-02,126.55999755859375
2012-03-05,126.08000183105469
2012-03-06,124.13999938964844
2012-03-07,125.04000091552734
2012-03-08,126.27999877929688
2012-03-09,126.73999786376953
2012-03-12,126.76000213623047
2012-03-13,129.10000610351562
2012-03-14,128.9499969482422
2012-03-15,129.72000122070312
2012-03-16,129.8699951171875
2012-03-19,130.3800048828125
2012-03-20,129.99000549316406
2012-03-21,129.75999450683594
2012-03-22,128.8300018310547
2012-03-23,128.69000244140625
2012-03-26,130.47999572753906
2012-03-27,130.1199951171875
2012-03-28,129.50999450683594
2012-03-29,129.3000030517578
2012-03-30,129.77999877929688
2012-04-02,130.75999450683594
2012-04-03,130.27000427246094
2012-04-04,128.94000244140625
2012-04-05,128.91000366210938
2012-04-09,127.44000244140625
2012-04-10,125.2699966430664
2012-04-11,126.22000122070312
2012-04-12,127.95999908447266
2012-04-13,126.36000061035156
2012-04-16,126.30000305175781
2012-04-17,128.25999450683594
2012-04-18,127.73999786376953
2012-04-19,126.9800033569336
2012-04-20,127.13999938964844
2012-04-23,126.06999969482422
2012-04-24,126.52999877929688
2012-04-25,128.27000427246094
2012-04-26,129.13999938964844
2012-04-27,129.4499969482422
2012-04-30,128.9499969482422
2012-05-01,129.67999267578125
2012-05-02,129.3699951171875
2012-05-03,128.39999389648438
2012-05-04,126.33000183105469
2012-05-07,126.37999725341797
2012-05-08,125.8499984741211
2012-05-09,125.04000091552734
2012-05-10,125.4000015258789
2012-05-11,124.9800033569336
2012-05-14,123.61000061035156
2012-05-15,122.91999816894531
2012-05-16,122.41999816894531
2012-05-17,120.58999633789062
2012-05-18,119.69999694824219
2012-05-21,121.62000274658203
2012-05-22,121.68000030517578
2012-05-23,121.88999938964844
2012-05-24,122.08000183105469
2012-05-25,121.81999969482422
2012-05-29,123.18000030517578
2012-05-30,121.44999694824219
2012-05-31,121.19000244140625
2012-06-01,118.20999908447266
2012-06-04,118.22000122070312
2012-06-05,118.9000015258789
2012-06-06,121.66999816894531
2012-06-07,121.66999816894531
2012-06-08,122.66000366210938
2012-06-11,121.11000061035156
2012-06-12,122.52999877929688
2012-06-13,121.70999908447266
2012-06-14,123.02999877929688
2012-06-15,124.30000305175781
2012-06-18,124.4800033569336
2012-06-19,125.69999694824219
2012-06-20,125.5
2012-06-21,122.72000122070312
2012-06-22,122.98999786376953
2012-06-25,121.04000091552734
2012-06-26,121.62000274658203
2012-06-27,122.73999786376953
2012-06-28,122.48999786376953
2012-06-29,125.55000305175781
2012-07-02,125.86000061035156
2012-07-03,126.66999816894531
2012-07-05,126.08000183105469
2012-07-06,124.93000030517578
2012-07-09,124.7300033569336
2012-07-10,123.72000122070312
2012-07-11,123.7300033569336
2012-07-12,123.11000061035156
2012-07-13,125.13999938964844
2012-07-16,124.8499984741211
2012-07-17,125.77999877929688
2012-07-18,126.63999938964844
2012-07-19,126.98999786376953
2012-07-20,125.72000122070312
2012-07-23,124.5999984741211
2012-07-24,123.47000122070312
2012-07-25,123.44000244140625
2012-07-26,125.4800033569336
2012-07-27,127.87999725341797
2012-07-30,127.83000183105469
2012-07-31,127.2699966430664
2012-08-01,126.91999816894531
2012-08-02,125.9800033569336
2012-08-03,128.39999389648438
2012-08-06,128.69000244140625
2012-08-07,129.35000610351562
2012-08-08,129.47000122070312
2012-08-09,129.5800018310547
2012-08-10,129.8699951171875
2012-08-13,129.72999572753906
2012-08-14,129.74000549316406
2012-08-15,129.92999267578125
2012-08-16,130.86000061035156
2012-08-17,131.11000061035156
2012-08-20,131.10000610351562
2012-08-21,130.64999389648438
2012-08-22,130.69000244140625
2012-08-23,129.6300048828125
2012-08-24,130.49000549316406
2012-08-27,130.4199981689453
2012-08-28,130.3300018310547
2012-08-29,130.4600067138672
2012-08-30,129.4600067138672
2012-08-31,130.1199951171875
2012-09-04,129.97000122070312
2012-09-05,129.8699951171875
2012-09-06,132.5399932861328
2012-09-07,133.0800018310547
2012-09-10,132.27000427246094
2012-09-11,132.67999267578125
2012-09-12,133.0
2012-09-13,135.17999267578125
2012-09-14,135.72000122070312
2012-09-17,135.3000030517578
2012-09-18,135.1300048828125
2012-09-19,135.2899932861328
2012-09-20,135.24000549316406
2012-09-21,134.57000732421875
2012-09-24,134.27000427246094
2012-09-25,132.8800048828125
2012-09-26,132.13999938964844
2012-09-27,133.42999267578125
2012-09-28,132.8300018310547
2012-10-01,133.17999267578125
2012-10-02,133.30999755859375
2012-10-03,133.82000732421875
2012-10-04,134.77999877929688
2012-10-05,134.77999877929688
2012-10-08,134.32000732421875
2012-10-09,132.99000549316406
2012-10-10,132.17999267578125
2012-10-11,132.22999572753906
2012-10-12,131.8300018310547
2012-10-15,132.89999389648438
2012-10-16,134.25999450683594
2012-10-17,134.8300018310547
2012-10-18,134.50999450683594
2012-10-19,132.27999877929688
2012-10-22,132.33999633789062
2012-10-23,130.42999267578125
2012-10-24,130.02999877929688
2012-10-25,130.4199981689453
2012-10-26,130.32000732421875
2012-10-31,130.36000061035156
2012-11-01,131.7899932861328
2012-11-02,130.5500030517578
2012-11-05,130.85000610351562
2012-11-06,131.8800048828125
2012-11-07,128.8699951171875
2012-11-08,127.30000305175781
2012-11-09,127.5199966430664
2012-11-12,127.52999877929688
2012-11-13,127.06999969482422
2012-11-14,125.3499984741211
2012-11-15,125.16000366210938
2012-11-16,125.77999877929688
2012-11-19,128.27999877929688
2012-11-20,128.3800048828125
2012-11-21,128.67999267578125
2012-11-23,130.3699951171875
2012-11-26,130.11000061035156
2012-11-27,129.44000244140625
2012-11-28,130.49000549316406
2012-11-29,131.07000732421875
2012-11-30,131.08999633789062
2012-12-03,130.47999572753906
2012-12-04,130.25999450683594
2012-12-05,130.50999450683594
2012-12-06,130.97000122070312
2012-12-07,131.36000061035156
2012-12-10,131.41000366210938
2012-12-11,132.27000427246094
2012-12-12,132.36000061035156
2012-12-13,131.55999755859375
2012-12-14,131.02000427246094
2012-12-17,132.57000732421875
2012-12-18,134.10000610351562
2012-12-19,133.08999633789062
2012-12-20,133.83999633789062
2012-12-21,131.69000244140625
2012-12-24,131.3800048828125
2012-12-26,130.75
2012-12-27,130.6199951171875
2012-12-28,129.19000244140625
2012-12-31,131.3699951171875
2013-01-02,134.74000549316406
2013-01-03,134.4600067138672
2013-01-04,135.11000061035156
2013-01-07,134.69000244140625
2013-01-08,134.3000030517578
2013-01-09,134.64999389648438
2013-01-10,135.67999267578125
2013-01-11,135.67999267578125
2013-01-14,135.55999755859375
2013-01-15,135.7100067138672
2013-01-16,135.75
2013-01-17,136.52000427246094
2013-01-18,136.97999572753906
2013-01-22,137.60000610351562
2013-01-23,137.8000030517578
2013-01-24,137.80999755859375
2013-01-25,138.55999755859375
2013-01-28,138.30999755859375
2013-01-29,139.02000427246094
2013-01-30,138.50999450683594
2013-01-31,138.1699981689453
2013-02-01,139.55999755859375
2013-02-04,137.9499969482422
2013-02-05,139.39999389648438
2013-02-06,139.49000549316406
2013-02-07,139.3000030517578
2013-02-08,140.08999633789062
2013-02-11,140.00999450683594
2013-02-12,140.24000549316406
2013-02-13,140.3800048828125
2013-02-14,140.5
2013-02-15,140.36000061035156
2013-02-19,141.41000366210938
2013-02-20,139.66000366210938
2013-02-21,138.80999755859375
2013-02-22,140.0500030517578
2013-02-25,137.49000549316406
2013-02-26,138.33999633789062
2013-02-27,140.13999938964844
2013-02-28,140.02000427246094
2013-03-01,140.35000610351562
2013-03-04,141.0
2013-03-05,142.35000610351562
2013-03-06,142.5399932861328
2013-03-07,142.82000732421875
2013-03-08,143.47000122070312
2013-03-11,143.94000244140625
2013-03-12,143.60000610351562
2013-03-13,143.83999633789062
2013-03-14,144.64999389648438
2013-03-15,144.41000366210938
2013-03-18,143.6199951171875
2013-03-19,143.27000427246094
2013-03-20,144.22999572753906
2013-03-21,142.39999389648438
2013-03-22,143.4199981689453
2013-03-25,142.94000244140625
2013-03-26,144.10000610351562
2013-03-27,144.02999877929688
2013-03-28,144.61000061035156
2013-04-01,143.97000122070312
2013-04-02,144.7100067138672
2013-04-03,143.2100067138672
2013-04-04,143.8000030517578
2013-04-05,143.17999267578125
2013-04-08,144.1300048828125
2013-04-09,144.63999938964844
2013-04-10,146.4199981689453
2013-04-11,146.94000244140625
2013-04-12,146.52999877929688
2013-04-15,143.1699981689453
2013-04-16,145.2100067138672
2013-04-17,143.1300048828125
2013-04-18,142.17999267578125
2013-04-19,143.44000244140625
2013-04-22,144.11000061035156
2013-04-23,145.61000061035156
2013-04-24,145.6300048828125
2013-04-25,146.22000122070312
2013-04-26,145.9600067138672
2013-04-29,147.00999450683594
2013-04-30,147.3699951171875
2013-05-01,146.00999450683594
2013-05-02,147.38999938964844
2013-05-03,148.9600067138672
2013-05-06,149.24000549316406
2013-05-07,150.02999877929688
2013-05-08,150.72000122070312
2013-05-09,150.22999572753906
2013-05-10,150.8800048828125
2013-05-13,150.89999389648438
2013-05-14,152.4600067138672
2013-05-15,153.2899932861328
2013-05-16,152.52999877929688
2013-05-17,154.10000610351562
2013-05-20,153.99000549316406
2013-05-21,154.25999450683594
2013-05-22,153.00999450683594
2013-05-23,152.5800018310547
2013-05-24,152.50999450683594
2013-05-28,153.4600067138672
2013-05-29,152.41000366210938
2013-05-30,152.99000549316406
2013-05-31,150.8000030517578
2013-06-03,151.7100067138672
2013-06-04,150.8800048828125
2013-06-05,148.83999633789062
2013-06-06,150.1199951171875
2013-06-07,152.0500030517578
2013-06-10,152.0
2013-06-11,150.4600067138672
2013-06-12,149.22999572753906
2013-06-13,151.4600067138672
2013-06-14,150.57000732421875
2013-06-17,151.7100067138672
2013-06-18,152.88999938964844
2013-06-19,150.77999877929688
2013-06-20,147.02999877929688
2013-06-21,146.72000122070312
2013-06-24,144.94000244140625
2013-06-25,146.3300018310547
2013-06-26,147.75999450683594
2013-06-27,148.69000244140625
2013-06-28,148.05999755859375
2013-07-01,148.8699951171875
2013-07-02,148.82000732421875
2013-07-03,148.94000244140625
2013-07-05,150.4600067138672
2013-07-08,151.3000030517578
2013-07-09,152.38999938964844
2013-07-10,152.42999267578125
2013-07-11,154.50999450683594
2013-07-12,154.97999572753906
2013-07-15,155.1999969482422
2013-07-16,154.6199951171875
2013-07-17,155.05999755859375
2013-07-18,155.86000061035156
2013-07-19,156.1199951171875
2013-07-22,156.42999267578125
2013-07-23,156.13999938964844
2013-07-24,155.5500030517578
2013-07-25,155.9499969482422
2013-07-26,156.0800018310547
2013-07-29,155.5
2013-07-30,155.57000732421875
2013-07-31,155.57000732421875
2013-08-01,157.52999877929688
2013-08-02,157.7899932861328
2013-08-05,157.57000732421875
2013-08-06,156.67999267578125
2013-08-07,156.1300048828125
2013-08-08,156.77000427246094
2013-08-09,156.24000549316406
2013-08-12,156.05999755859375
2013-08-13,156.52999877929688
2013-08-14,155.75
2013-08-15,153.5500030517578
2013-08-16,153.0500030517578
2013-08-19,152.16000366210938
2013-08-20,152.74000549316406
2013-08-21,151.86000061035156
2013-08-22,153.1699981689453
2013-08-23,153.8000030517578
2013-08-26,153.17999267578125
2013-08-27,150.75
2013-08-28,151.19000244140625
2013-08-29,151.50999450683594
2013-08-30,151.0399932861328
2013-09-03,151.67999267578125
2013-09-04,152.94000244140625
2013-09-05,153.1300048828125
2013-09-06,153.16000366210938
2013-09-09,154.69000244140625
2013-09-10,155.8300018310547
2013-09-11,156.3300018310547
2013-09-12,155.83999633789062
2013-09-13,156.27000427246094
2013-09-16,157.14999389648438
2013-09-17,157.82000732421875
2013-09-18,159.74000549316406
2013-09-19,159.47000122070312
2013-09-20,157.57000732421875
2013-09-23,156.8300018310547
2013-09-24,156.44000244140625
2013-09-25,156.00999450683594
2013-09-26,156.58999633789062
2013-09-27,155.9600067138672
2013-09-30,155.02000427246094
2013-10-01,156.27000427246094
2013-10-02,156.19000244140625
2013-10-03,154.7899932861328
2013-10-04,155.88999938964844
2013-10-07,154.55999755859375
2013-10-08,152.6999969482422
2013-10-09,152.8000030517578
2013-10-10,156.16000366210938
2013-10-11,157.13999938964844
2013-10-14,157.77999877929688
2013-10-15,156.6699981689453
2013-10-16,158.85000610351562
2013-10-17,159.92999267578125
2013-10-18,160.97999572753906
2013-10-21,160.99000549316406
2013-10-22,161.9199981689453
2013-10-23,161.14999389648438
2013-10-24,161.67999267578125
2013-10-25,162.38999938964844
2013-10-28,162.61000061035156
2013-10-29,163.52000427246094
2013-10-30,162.74000549316406
2013-10-31,162.1300048828125
2013-11-01,162.58999633789062
2013-11-04,163.17999267578125
2013-11-05,162.72999572753906
2013-11-06,163.52000427246094
2013-11-07,161.39999389648438
2013-11-08,163.57000732421875
2013-11-11,163.67999267578125
2013-11-12,163.30999755859375
2013-11-13,164.6699981689453
2013-11-14,165.5
2013-11-15,166.1999969482422
2013-11-18,165.58999633789062
2013-11-19,165.27999877929688
2013-11-20,164.69000244140625
2013-11-21,166.0399932861328
2013-11-22,166.8800048828125
2013-11-25,166.6699981689453
2013-11-26,166.72000122070312
2013-11-27,167.1699981689453
2013-11-29,167.0399932861328
2013-12-02,166.58999633789062
2013-12-03,166.07000732421875
2013-12-04,165.89999389648438
2013-12-05,165.17999267578125
2013-12-06,167.0500030517578
2013-12-09,167.36000061035156
2013-12-10,166.8300018310547
2013-12-11,164.9600067138672
2013-12-12,164.3800048828125
2013-12-13,164.36000061035156
2013-12-16,165.39999389648438
2013-12-17,164.88999938964844
2013-12-18,167.63999938964844
2013-12-19,167.55999755859375
2013-12-20,168.3800048828125
2013-12-23,168.4199981689453
2013-12-24,168.92999267578125
2013-12-26,169.72999572753906
2013-12-27,169.6999969482422
2013-12-30,169.67999267578125
2013-12-31,170.36000061035156
2014-01-02,168.8800048828125
2014-01-03,168.82000732421875
2014-01-06,168.39999389648438
2014-01-07,169.4199981689453
2014-01-08,169.44000244140625
2014-01-09,169.5
2014-01-10,169.88999938964844
2014-01-13,167.77000427246094
2014-01-14,169.5800018310547
2014-01-15,170.4600067138672
2014-01-16,170.22999572753906
2014-01-17,169.5800018310547
2014-01-21,170.0500030517578
2014-01-22,170.16000366210938
2014-01-23,168.64999389648438
2014-01-24,165.1300048828125
2014-01-27,164.3300018310547
2014-01-28,165.33999633789062
2014-01-29,163.6699981689453
2014-01-30,165.52000427246094
2014-01-31,164.4499969482422
2014-02-03,160.69000244140625
2014-02-04,161.92999267578125
2014-02-05,161.64999389648438
2014-02-06,163.74000549316406
2014-02-07,165.9199981689453
2014-02-10,166.17999267578125
2014-02-11,168.02000427246094
2014-02-12,168.05999755859375
2014-02-13,169.0500030517578
2014-02-14,169.8800048828125
2014-02-18,170.10000610351562
2014-02-19,169.0
2014-02-20,170.0500030517578
2014-02-21,169.75
2014-02-24,170.8000030517578
2014-02-25,170.57000732421875
2014-02-26,170.60000610351562
2014-02-27,171.47000122070312
2014-02-28,171.9499969482422
2014-03-03,170.69000244140625
2014-03-04,173.2899932861328
2014-03-05,173.32000732421875
2014-03-06,173.64999389648438
2014-03-07,173.75
2014-03-10,173.67999267578125
2014-03-11,172.8000030517578
2014-03-12,172.89999389648438
2014-03-13,170.89999389648438
2014-03-14,170.4199981689453
2014-03-17,172.0500030517578
2014-03-18,173.3000030517578
2014-03-19,172.24000549316406
2014-03-20,173.27999877929688
2014-03-21,172.0399932861328
2014-03-24,171.1999969482422
2014-03-25,171.97000122070312
2014-03-26,170.77000427246094
2014-03-27,170.47000122070312
2014-03-28,171.27000427246094
2014-03-31,172.6300048828125
2014-04-01,173.86000061035156
2014-04-02,174.3800048828125
2014-04-03,174.19000244140625
2014-04-04,172.00999450683594
2014-04-07,170.16000366210938
2014-04-08,170.85000610351562
2014-04-09,172.72999572753906
2014-04-10,169.1300048828125
2014-04-11,167.5399932861328
2014-04-14,168.91000366210938
2014-04-15,170.0500030517578
2014-04-16,171.83999633789062
2014-04-17,172.0800018310547
2014-04-21,172.72999572753906
2014-04-22,173.44000244140625
2014-04-23,173.0800018310547
2014-04-24,173.3699951171875
2014-04-25,171.97000122070312
2014-04-28,172.5399932861328
2014-04-29,173.36000061035156
2014-04-30,173.8800048828125
2014-05-01,173.8699951171875
2014-05-02,173.6300048828125
2014-05-05,173.97000122070312
2014-05-06,172.41000366210938
2014-05-07,173.4499969482422
2014-05-08,173.25999450683594
2014-05-09,173.5500030517578
2014-05-12,175.22999572753906
2014-05-13,175.35000610351562
2014-05-14,174.55999755859375
2014-05-15,172.9499969482422
2014-05-16,173.60000610351562
2014-05-19,174.27999877929688
2014-05-20,173.14999389648438
2014-05-21,174.5800018310547
2014-05-22,175.02000427246094
2014-05-23,175.75999450683594
2014-05-27,176.80999755859375
2014-05-28,176.63999938964844
2014-05-29,177.61000061035156
2014-05-30,177.94000244140625
2014-06-02,178.08999633789062
2014-06-03,178.02999877929688
2014-06-04,178.38999938964844
2014-06-05,179.57000732421875
2014-06-06,180.42999267578125
2014-06-09,180.60000610351562
2014-06-10,180.55999755859375
2014-06-11,179.94000244140625
2014-06-12,178.7100067138672
2014-06-13,179.27000427246094
2014-06-16,179.4199981689453
2014-06-17,179.80999755859375
2014-06-18,181.1999969482422
2014-06-19,181.4600067138672
2014-06-20,181.00999450683594
2014-06-23,180.99000549316406
2014-06-24,179.83999633789062
2014-06-25,180.72000122070312
2014-06-26,180.5399932861328
2014-06-27,180.88999938964844
2014-06-30,180.8300018310547
2014-07-01,182.07000732421875
2014-07-02,182.1999969482422
2014-07-03,183.1999969482422
2014-07-07,182.47999572753906
2014-07-08,181.25
2014-07-09,182.10000610351562
2014-07-10,181.35000610351562
2014-07-11,181.6300048828125
2014-07-14,182.50999450683594
2014-07-15,182.16000366210938
2014-07-16,182.9499969482422
2014-07-17,180.8000030517578
2014-07-18,182.64999389648438
2014-07-21,182.22999572753906
2014-07-22,183.14999389648438
2014-07-23,183.47000122070312
2014-07-24,183.55999755859375
2014-07-25,182.6699981689453
2014-07-28,182.72000122070312
2014-07-29,181.89999389648438
2014-07-30,181.94000244140625
2014-07-31,178.32000732421875
2014-08-01,177.80999755859375
2014-08-04,179.0800018310547
2014-08-05,177.36000061035156
2014-08-06,177.4199981689453
2014-08-07,176.47999572753906
2014-08-08,178.50999450683594
2014-08-11,179.0399932861328
2014-08-12,178.75
2014-08-13,180.0
2014-08-14,180.7899932861328
2014-08-15,180.8000030517578
2014-08-18,182.35000610351562
2014-08-19,183.3000030517578
2014-08-20,183.75999450683594
2014-08-21,184.30999755859375
2014-08-22,183.97000122070312
2014-08-25,184.85000610351562
2014-08-26,185.0399932861328
2014-08-27,185.08999633789062
2014-08-28,184.8000030517578
2014-08-29,185.42999267578125
2014-09-02,185.3300018310547
2014-09-03,185.22000122070312
2014-09-04,184.94000244140625
2014-09-05,185.8699951171875
2014-09-08,185.3300018310547
2014-09-09,184.1199951171875
2014-09-10,184.80999755859375
2014-09-11,185.02000427246094
2014-09-12,183.9199981689453
2014-09-15,183.7899932861328
2014-09-16,185.1699981689453
2014-09-17,185.41000366210938
2014-09-18,186.35000610351562
2014-09-19,185.42999267578125
2014-09-22,183.94000244140625
2014-09-23,182.89999389648438
2014-09-24,184.3300018310547
2014-09-25,181.35000610351562
2014-09-26,182.94000244140625
2014-09-29,182.49000549316406
2014-09-30,181.99000549316406
2014-10-01,179.58999633789062
2014-10-02,179.61000061035156
2014-10-03,181.61000061035156
2014-10-06,181.3300018310547
2014-10-07,178.58999633789062
2014-10-08,181.77000427246094
2014-10-09,178.02000427246094
2014-10-10,176.0
2014-10-13,173.10000610351562
2014-10-14,173.3800048828125
2014-10-15,171.97999572753906
2014-10-16,172.00999450683594
2014-10-17,174.22999572753906
2014-10-20,175.8300018310547
2014-10-21,179.27000427246094
2014-10-22,177.97999572753906
2014-10-23,180.1699981689453
2014-10-24,181.44000244140625
2014-10-27,181.1699981689453
2014-10-28,183.3300018310547
2014-10-29,183.08999633789062
2014-10-30,184.24000549316406
2014-10-31,186.39999389648438
2014-11-03,186.3800048828125
2014-11-04,185.85000610351562
2014-11-05,186.97999572753906
2014-11-06,187.74000549316406
2014-11-07,187.83999633789062
2014-11-10,188.44000244140625
2014-11-11,188.57000732421875
2014-11-12,188.49000549316406
2014-11-13,188.60000610351562
2014-11-14,188.6699981689453
2014-11-17,188.82000732421875
2014-11-18,189.82000732421875
2014-11-19,189.5500030517578
2014-11-20,189.92999267578125
2014-11-21,190.9499969482422
2014-11-24,191.5
2014-11-25,191.3000030517578
2014-11-26,191.8800048828125
2014-11-28,191.39999389648438
2014-12-01,190.10000610351562
2014-12-02,191.3300018310547
2014-12-03,192.10000610351562
2014-12-04,191.8800048828125
2014-12-05,192.1999969482422
2014-12-08,190.8300018310547
2014-12-09,190.77999877929688
2014-12-10,187.6699981689453
2014-12-11,188.57000732421875
2014-12-12,185.52000427246094
2014-12-15,184.35000610351562
2014-12-16,182.7899932861328
2014-12-17,185.52999877929688
2014-12-18,190.02000427246094
2014-12-19,190.88999938964844
2014-12-22,191.6300048828125
2014-12-23,191.97999572753906
2014-12-24,191.9600067138672
2014-12-26,192.58999633789062
2014-12-29,192.7899932861328
2014-12-30,191.8699951171875
2014-12-31,189.88999938964844
2015-01-02,189.85000610351562
2015-01-05,186.38999938964844
2015-01-06,184.72999572753906
2015-01-07,186.94000244140625
2015-01-08,190.27999877929688
2015-01-09,188.67999267578125
2015-01-12,187.14999389648438
2015-01-13,186.69000244140625
2015-01-14,185.61000061035156
2015-01-15,183.89999389648438
2015-01-16,186.3699951171875
2015-01-20,186.66000366210938
2015-01-21,187.55999755859375
2015-01-22,190.42999267578125
2015-01-23,189.3800048828125
2015-01-26,189.8699951171875
2015-01-27,187.3300018310547
2015-01-28,184.80999755859375
2015-01-29,186.58999633789062
2015-01-30,184.1699981689453
2015-02-02,186.55999755859375
2015-02-03,189.25
2015-02-04,188.52000427246094
2015-02-05,190.5
2015-02-06,189.89999389648438
2015-02-09,189.10000610351562
2015-02-10,191.1199951171875
2015-02-11,191.17999267578125
2015-02-12,193.07000732421875
2015-02-13,193.8800048828125
2015-02-17,194.2100067138672
2015-02-18,194.16000366210938
2015-02-19,193.99000549316406
2015-02-20,195.1999969482422
2015-02-23,195.13999938964844
2015-02-24,195.67999267578125
2015-02-25,195.55999755859375
2015-02-26,195.30999755859375
2015-02-27,194.72999572753906
2015-03-02,195.92999267578125
2015-03-03,195.0399932861328
2015-03-04,194.22999572753906
2015-03-05,194.47000122070312
2015-03-06,191.72999572753906
2015-03-09,192.50999450683594
2015-03-10,189.25
2015-03-11,188.9199981689453
2015-03-12,191.35000610351562
2015-03-13,190.19000244140625
2015-03-16,192.75999450683594
2015-03-17,192.1199951171875
2015-03-18,194.4600067138672
2015-03-19,193.52000427246094
2015-03-20,194.32000732421875
2015-03-23,193.97999572753906
2015-03-24,192.80999755859375
2015-03-25,190.00999450683594
2015-03-26,189.55999755859375
2015-03-27,190.0399932861328
2015-03-30,192.3800048828125
2015-03-31,190.7100067138672
2015-04-01,189.97999572753906
2015-04-02,190.64999389648438
2015-04-06,191.91000366210938
2015-04-07,191.52000427246094
2015-04-08,192.10000610351562
2015-04-09,192.9600067138672
2015-04-10,193.9600067138672
2015-04-13,193.08999633789062
2015-04-14,193.39999389648438
2015-04-15,194.39999389648438
2015-04-16,194.25
2015-04-17,192.0500030517578
2015-04-20,193.8300018310547
2015-04-21,193.5399932861328
2015-04-22,194.52999877929688
2015-04-23,195.00999450683594
2015-04-24,195.4499969482422
2015-04-27,194.63999938964844
2015-04-28,195.1999969482422
2015-04-29,194.47999572753906
2015-04-30,192.52000427246094
2015-05-01,194.6199951171875
2015-05-04,195.19000244140625
2015-05-05,192.89999389648438
2015-05-06,192.11000061035156
2015-05-07,192.8800048828125
2015-05-08,195.47999572753906
2015-05-11,194.52000427246094
2015-05-12,193.97000122070312
2015-05-13,193.94000244140625
2015-05-14,196.0500030517578
2015-05-15,196.22000122070312
2015-05-18,196.8300018310547
2015-05-19,196.74000549316406
2015-05-20,196.5800018310547
2015-05-21,197.07000732421875
2015-05-22,196.6300048828125
2015-05-26,194.61000061035156
2015-05-27,196.4199981689453
2015-05-28,196.1999969482422
2015-05-29,194.97000122070312
2015-06-01,195.38999938964844
2015-06-02,195.1999969482422
2015-06-03,195.64999389648438
2015-06-04,193.97000122070312
2015-06-05,193.69000244140625
2015-06-08,192.47000122070312
2015-06-09,192.5500030517578
2015-06-10,194.8800048828125
2015-06-11,195.27999877929688
2015-06-12,193.92999267578125
2015-06-15,193.02999877929688
2015-06-16,194.1300048828125
2015-06-17,194.52000427246094
2015-06-18,196.47000122070312
2015-06-19,194.57000732421875
2015-06-22,195.75
2015-06-23,195.88999938964844
2015-06-24,194.4600067138672
2015-06-25,193.88999938964844
2015-06-26,193.85000610351562
2015-06-29,189.83999633789062
2015-06-30,190.36000061035156
2015-07-01,191.72999572753906
2015-07-02,191.6699981689453
2015-07-06,190.92999267578125
2015-07-07,192.08999633789062
2015-07-08,188.9499969482422
2015-07-09,189.3800048828125
2015-07-10,191.7100067138672
2015-07-13,193.85000610351562
2015-07-14,194.7100067138672
2015-07-15,194.57000732421875
2015-07-16,196.1300048828125
2015-07-17,196.35000610351562
2015-07-20,196.5
2015-07-21,195.6699981689453
2015-07-22,195.22000122070312
2015-07-23,194.1300048828125
2015-07-24,192.0500030517578
2015-07-27,190.94000244140625
2015-07-28,193.3000030517578
2015-07-29,194.74000549316406
2015-07-30,194.75999450683594
2015-07-31,194.32000732421875
2015-08-03,193.77999877929688
2015-08-04,193.35000610351562
2015-08-05,194.02999877929688
2015-08-06,192.5800018310547
2015-08-07,192.02999877929688
2015-08-10,194.49000549316406
2015-08-11,192.6699981689453
2015-08-12,192.89999389648438
2015-08-13,192.67999267578125
2015-08-14,193.42999267578125
2015-08-17,194.47000122070312
2015-08-18,194.0
2015-08-19,192.41000366210938
2015-08-20,188.35000610351562
2015-08-21,182.3800048828125
2015-08-24,175.19000244140625
2015-08-25,172.8300018310547
2015-08-26,179.58999633789062
2015-08-27,183.97000122070312
2015-08-28,184.11000061035156
2015-08-31,182.5800018310547
2015-09-01,177.19000244140625
2015-09-02,180.4600067138672
2015-09-03,180.67999267578125
2015-09-04,177.9199981689453
2015-09-08,182.39999389648438
2015-09-09,179.8800048828125
2015-09-10,180.85000610351562
2015-09-11,181.7100067138672
2015-09-14,180.97999572753906
2015-09-15,183.3000030517578
2015-09-16,184.89999389648438
2015-09-17,184.4600067138672
2015-09-18,180.57000732421875
2015-09-21,181.38999938964844
2015-09-22,179.16000366210938
2015-09-23,178.8000030517578
2015-09-24,178.1999969482422
2015-09-25,178.11000061035156
2015-09-28,173.58999633789062
2015-09-29,173.82000732421875
2015-09-30,177.13999938964844
2015-10-01,177.5
2015-10-02,180.05999755859375
2015-10-05,183.36000061035156
2015-10-06,182.6999969482422
2015-10-07,184.24000549316406
2015-10-08,185.86000061035156
2015-10-09,186.0
2015-10-12,186.24000549316406
2015-10-13,184.97999572753906
2015-10-14,184.1199951171875
2015-10-15,186.8699951171875
2015-10-16,187.72000122070312
2015-10-19,187.77000427246094
2015-10-20,187.5
2015-10-21,186.42999267578125
2015-10-22,189.5399932861328
2015-10-23,191.63999938964844
2015-10-26,191.25999450683594
2015-10-27,190.77999877929688
2015-10-28,193.0500030517578
2015-10-29,192.99000549316406
2015-10-30,192.05999755859375
2015-11-02,194.3300018310547
2015-11-03,194.8699951171875
2015-11-04,194.24000549316406
2015-11-05,194.05999755859375
2015-11-06,194.00999450683594
2015-11-09,192.14999389648438
2015-11-10,192.49000549316406
2015-11-11,191.86000061035156
2015-11-12,189.2100067138672
2015-11-13,187.08999633789062
2015-11-16,189.91000366210938
2015-11-17,189.6999969482422
2015-11-18,192.7899932861328
2015-11-19,192.58999633789062
2015-11-20,193.35000610351562
2015-11-23,193.11000061035156
2015-11-24,193.35000610351562
2015-11-25,193.35000610351562
2015-11-27,193.5
2015-11-30,192.61000061035156
2015-12-01,194.67999267578125
2015-12-02,192.58999633789062
2015-12-03,189.8300018310547
2015-12-04,193.72000122070312
2015-12-07,192.3800048828125
2015-12-08,191.13999938964844
2015-12-09,189.6699981689453
2015-12-10,190.1199951171875
2015-12-11,186.4600067138672
2015-12-14,187.36000061035156
2015-12-15,189.35000610351562
2015-12-16,192.11000061035156
2015-12-17,189.25
2015-12-18,184.83999633789062
2015-12-21,186.3000030517578
2015-12-22,187.9600067138672
2015-12-23,190.30999755859375
2015-12-24,190.0
2015-12-28,189.58999633789062
2015-12-29,191.63999938964844
2015-12-30,190.27000427246094
2015-12-31,188.47999572753906
2016-01-04,185.63999938964844
2016-01-05,186.00999450683594
2016-01-06,183.63999938964844
2016-01-07,179.2899932861328
2016-01-08,177.35000610351562
2016-01-11,177.49000549316406
2016-01-12,178.8800048828125
2016-01-13,174.42999267578125
2016-01-14,177.35000610351562
2016-01-15,173.52000427246094
2016-01-19,173.61000061035156
2016-01-20,171.61000061035156
2016-01-21,172.5
2016-01-22,176.0
2016-01-25,173.25
2016-01-26,175.6999969482422
2016-01-27,173.8000030517578
2016-01-28,174.77000427246094
2016-01-29,179.10000610351562
2016-02-01,179.02999877929688
2016-02-02,175.67999267578125
2016-02-03,176.6199951171875
2016-02-04,176.9199981689453
2016-02-05,173.66000366210938
2016-02-08,171.22000122070312
2016-02-09,171.13999938964844
2016-02-10,171.16000366210938
2016-02-11,169.08999633789062
2016-02-12,172.41000366210938
2016-02-16,175.30999755859375
2016-02-17,178.22000122070312
2016-02-18,177.38999938964844
2016-02-19,177.41000366210938
2016-02-22,179.97000122070312
2016-02-23,177.74000549316406
2016-02-24,178.5399932861328
2016-02-25,180.61000061035156
2016-02-26,180.2899932861328
2016-02-29,178.83999633789062
2016-03-01,183.11000061035156
2016-03-02,183.89999389648438
2016-03-03,184.55999755859375
2016-03-04,185.1699981689453
2016-03-07,185.35000610351562
2016-03-08,183.3000030517578
2016-03-09,184.25
2016-03-10,184.2899932861328
2016-03-11,187.36000061035156
2016-03-14,187.13999938964844
2016-03-15,186.8000030517578
2016-03-16,187.86000061035156
2016-03-17,189.10000610351562
2016-03-18,188.97000122070312
2016-03-21,189.14999389648438
2016-03-22,189.00999450683594
2016-03-23,187.80999755859375
2016-03-24,187.74000549316406
2016-03-28,187.83999633789062
2016-03-29,189.52999877929688
2016-03-30,190.3699951171875
2016-03-31,189.99000549316406
2016-04-01,191.19000244140625
2016-04-04,190.61000061035156
2016-04-05,188.67999267578125
2016-04-06,190.72999572753906
2016-04-07,188.4499969482422
2016-04-08,188.97999572753906
2016-04-11,188.4600067138672
2016-04-12,190.2899932861328
2016-04-13,192.22000122070312
2016-04-14,192.27999877929688
2016-04-15,192.08999633789062
2016-04-18,193.35000610351562
2016-04-19,193.94000244140625
2016-04-20,194.10000610351562
2016-04-21,193.08999633789062
2016-04-22,193.10000610351562
2016-04-25,192.75
2016-04-26,193.11000061035156
2016-04-27,193.44000244140625
2016-04-28,191.6699981689453
2016-04-29,190.6999969482422
2016-05-02,192.19000244140625
2016-05-03,190.52999877929688
2016-05-04,189.44000244140625
2016-05-05,189.42999267578125
2016-05-06,190.05999755859375
2016-05-09,190.1999969482422
2016-05-10,192.5800018310547
2016-05-11,190.83999633789062
2016-05-12,190.82000732421875
2016-05-13,189.22000122070312
2016-05-16,191.08999633789062
2016-05-17,189.35000610351562
2016-05-18,189.4199981689453
2016-05-19,188.72000122070312
2016-05-20,189.8800048828125
2016-05-23,189.49000549316406
2016-05-24,192.0800018310547
2016-05-25,193.42999267578125
2016-05-26,193.4199981689453
2016-05-27,194.27999877929688
2016-05-31,194.10000610351562
2016-06-01,194.35000610351562
2016-06-02,194.9199981689453
2016-06-03,194.36000061035156
2016-06-06,195.30999755859375
2016-06-07,195.57000732421875
2016-06-08,196.25
2016-06-09,195.9199981689453
2016-06-10,194.1300048828125
2016-06-13,192.61000061035156
2016-06-14,192.27999877929688
2016-06-15,191.94000244140625
2016-06-16,192.57000732421875
2016-06-17,191.94000244140625
2016-06-20,192.14999389648438
2016-06-21,192.69000244140625
2016-06-22,192.3699951171875
2016-06-23,194.94000244140625
2016-06-24,187.92999267578125
2016-06-27,184.52999877929688
2016-06-28,187.86000061035156
2016-06-29,191.0800018310547
2016-06-30,193.6699981689453
2016-07-01,194.0800018310547
2016-07-05,192.75999450683594
2016-07-06,193.86000061035156
2016-07-07,193.7100067138672
2016-07-08,196.66000366210938
2016-07-11,197.3300018310547
2016-07-12,198.72000122070312
2016-07-13,198.75999450683594
2016-07-14,199.80999755859375
2016-07-15,199.6199951171875
2016-07-18,200.11000061035156
2016-07-19,199.82000732421875
2016-07-20,200.6999969482422
2016-07-21,199.97999572753906
2016-07-22,200.88999938964844
2016-07-25,200.27999877929688
2016-07-26,200.35000610351562
2016-07-27,200.1199951171875
2016-07-28,200.4600067138672
2016-07-29,200.7899932861328
2016-08-01,200.52999877929688
2016-08-02,199.25999450683594
2016-08-03,199.94000244140625
2016-08-04,200.02999877929688
2016-08-05,201.75999450683594
2016-08-08,201.58999633789062
2016-08-09,201.67999267578125
2016-08-10,201.1699981689453
2016-08-11,202.14999389648438
2016-08-12,202.0
2016-08-15,202.58999633789062
2016-08-16,201.50999450683594
2016-08-17,201.94000244140625
2016-08-18,202.38999938964844
2016-08-19,202.1199951171875
2016-08-22,202.00999450683594
2016-08-23,202.41000366210938
2016-08-24,201.36000061035156
2016-08-25,201.08999633789062
2016-08-26,200.77999877929688
2016-08-29,201.85000610351562
2016-08-30,201.49000549316406
2016-08-31,201.0500030517578
2016-09-01,201.0399932861328
2016-09-02,201.88999938964844
2016-09-06,202.5
2016-09-07,202.52000427246094
2016-09-08,202.0800018310547
2016-09-09,197.1199951171875
2016-09-12,199.1699981689453
2016-09-13,196.27999877929688
2016-09-14,196.17999267578125
2016-09-15,198.1999969482422
2016-09-16,197.4499969482422
2016-09-19,197.4499969482422
2016-09-20,197.50999450683594
2016-09-21,199.66000366210938
2016-09-22,200.97000122070312
2016-09-23,199.80999755859375
2016-09-26,198.11000061035156
2016-09-27,199.39999389648438
2016-09-28,200.49000549316406
2016-09-29,198.6300048828125
2016-09-30,200.2100067138672
2016-10-03,199.5800018310547
2016-10-04,198.61000061035156
2016-10-05,199.5500030517578
2016-10-06,199.64999389648438
2016-10-07,199.00999450683594
2016-10-10,199.9199981689453
2016-10-11,197.44000244140625
2016-10-12,197.67999267578125
2016-10-13,197.07000732421875
2016-10-14,197.11000061035156
2016-10-17,196.52000427246094
2016-10-18,197.72000122070312
2016-10-19,198.17999267578125
2016-10-20,197.92999267578125
2016-10-21,197.91000366210938
2016-10-24,198.85000610351562
2016-10-25,198.10000610351562
2016-10-26,197.75
2016-10-27,197.1699981689453
2016-10-28,196.57000732421875
2016-10-31,196.5399932861328
2016-11-01,195.2100067138672
2016-11-02,193.9600067138672
2016-11-03,193.1699981689453
2016-11-04,192.86000061035156
2016-11-07,197.13999938964844
2016-11-08,197.97999572753906
2016-11-09,200.19000244140625
2016-11-10,200.60000610351562
2016-11-11,200.32000732421875
2016-11-14,200.32000732421875
2016-11-15,201.8699951171875
2016-11-16,201.60000610351562
2016-11-17,202.55999755859375
2016-11-18,202.11000061035156
2016-11-21,203.61000061035156
2016-11-22,204.05999755859375
2016-11-23,204.24000549316406
2016-11-25,205.0399932861328
2016-11-28,203.99000549316406
2016-11-29,204.30999755859375
2016-11-30,203.80999755859375
2016-12-01,203.10000610351562
2016-12-02,203.17999267578125
2016-12-05,204.3800048828125
2016-12-06,205.0800018310547
2016-12-07,207.82000732421875
2016-12-08,208.2899932861328
2016-12-09,209.52000427246094
2016-12-12,209.3000030517578
2016-12-13,210.6999969482422
2016-12-14,209.0
2016-12-15,209.82000732421875
2016-12-16,209.4600067138672
2016-12-19,209.8800048828125
2016-12-20,210.6699981689453
2016-12-21,208.89999389648438
2016-12-22,208.5399932861328
2016-12-23,208.82000732421875
2016-12-27,209.2899932861328
2016-12-28,207.5800018310547
2016-12-29,207.52999877929688
2016-12-30,206.57000732421875
2017-01-03,208.3300018310547
2017-01-04,209.57000732421875
2017-01-05,209.41000366210938
2017-01-06,210.2100067138672
2017-01-09,209.4600067138672
2017-01-10,209.4600067138672
2017-01-11,210.07000732421875
2017-01-12,209.6199951171875
2017-01-13,210.00999450683594
2017-01-17,209.3800048828125
2017-01-18,209.7899932861328
2017-01-19,209.02999877929688
2017-01-20,209.74000549316406
2017-01-23,209.17999267578125
2017-01-24,210.5500030517578
2017-01-25,212.24000549316406
2017-01-26,212.08999633789062
2017-01-27,211.9199981689453
2017-01-30,210.64999389648438
2017-01-31,210.4600067138672
2017-02-01,210.57000732421875
2017-02-02,210.7100067138672
2017-02-03,212.25
2017-02-06,211.8000030517578
2017-02-07,211.86000061035156
2017-02-08,212.07000732421875
2017-02-09,213.3300018310547
2017-02-10,214.11000061035156
2017-02-13,215.27999877929688
2017-02-14,216.2100067138672
2017-02-15,217.32000732421875
2017-02-16,217.14999389648438
2017-02-17,217.52000427246094
2017-02-21,218.8300018310547
2017-02-22,218.61000061035156
2017-02-23,218.72999572753906
2017-02-24,219.10000610351562
2017-02-27,219.36000061035156
2017-02-28,218.8000030517578
2017-03-01,221.8300018310547
2017-03-02,220.5500030517578
2017-03-03,220.66000366210938
2017-03-06,219.94000244140625
2017-03-07,219.32000732421875
2017-03-08,218.8800048828125
2017-03-09,219.0500030517578
2017-03-10,219.77000427246094
2017-03-13,219.9199981689453
2017-03-14,219.17999267578125
2017-03-15,221.02999877929688
2017-03-16,220.6699981689453
2017-03-17,220.3800048828125
2017-03-20,219.9499969482422
2017-03-21,216.27000427246094
2017-03-22,216.69000244140625
2017-03-23,216.4600067138672
2017-03-24,216.27999877929688
2017-03-27,216.05999755859375
2017-03-28,217.6199951171875
2017-03-29,217.89999389648438
2017-03-30,218.5500030517578
2017-03-31,218.0500030517578
2017-04-03,217.6999969482422
2017-04-04,217.86000061035156
2017-04-05,217.22000122070312
2017-04-06,217.6999969482422
2017-04-07,217.52000427246094
2017-04-10,217.67999267578125
2017-04-11,217.38999938964844
2017-04-12,216.5800018310547
2017-04-13,215.11000061035156
2017-04-17,216.9499969482422
2017-04-18,216.3300018310547
2017-04-19,215.99000549316406
2017-04-20,217.6199951171875
2017-04-21,216.9600067138672
2017-04-24,219.32000732421875
2017-04-25,220.64999389648438
2017-04-26,220.5500030517578
2017-04-27,220.69000244140625
2017-04-28,220.27000427246094
2017-05-01,220.64999389648438
2017-05-02,220.91000366210938
2017-05-03,220.6699981689453
2017-05-04,220.80999755859375
2017-05-05,221.72000122070312
2017-05-08,221.74000549316406
2017-05-09,221.52999877929688
2017-05-10,221.86000061035156
2017-05-11,221.4499969482422
2017-05-12,221.1300048828125
2017-05-15,222.2100067138672
2017-05-16,222.10000610351562
2017-05-17,218.1300048828125
2017-05-18,218.92999267578125
2017-05-19,220.4199981689453
2017-05-22,221.55999755859375
2017-05-23,221.97000122070312
2017-05-24,222.52999877929688
2017-05-25,223.5500030517578
2017-05-26,223.64999389648438
2017-05-30,223.41000366210938
2017-05-31,223.33999633789062
2017-06-01,225.05999755859375
2017-06-02,225.88999938964844
2017-06-05,225.6199951171875
2017-06-06,225.0
2017-06-07,225.38999938964844
2017-06-08,225.4499969482422
2017-06-09,225.27000427246094
2017-06-12,225.05999755859375
2017-06-13,226.13999938964844
2017-06-14,225.92999267578125
2017-06-15,225.4600067138672
2017-06-16,225.52999877929688
2017-06-19,227.41000366210938
2017-06-20,225.88999938964844
2017-06-21,225.77000427246094
2017-06-22,224.7100067138672
2017-06-23,225.05999755859375
2017-06-26,225.1300048828125
2017-06-27,223.32000732421875
2017-06-28,225.3300018310547
2017-06-29,223.38999938964844
2017-06-30,223.75
2017-07-03,224.27999877929688
2017-07-05,224.64999389648438
2017-07-06,222.6300048828125
2017-07-07,224.0500030517578
2017-07-10,224.25999450683594
2017-07-11,224.08999633789062
2017-07-12,225.74000549316406
2017-07-13,226.1699981689453
2017-07-14,227.22999572753906
2017-07-17,227.22000122070312
2017-07-18,227.36000061035156
2017-07-19,228.60000610351562
2017-07-20,228.5800018310547
2017-07-21,228.5
2017-07-24,228.25999450683594
2017-07-25,228.9199981689453
2017-07-26,228.99000549316406
2017-07-27,228.7899932861328
2017-07-28,228.49000549316406
2017-07-31,228.32000732421875
2017-08-01,228.8800048828125
2017-08-02,229.02999877929688
2017-08-03,228.5800018310547
2017-08-04,229.00999450683594
2017-08-07,229.38999938964844
2017-08-08,228.8699951171875
2017-08-09,228.80999755859375
2017-08-10,225.5800018310547
2017-08-11,225.8800048828125
2017-08-14,228.16000366210938
2017-08-15,228.10000610351562
2017-08-16,228.47999572753906
2017-08-17,224.97000122070312
2017-08-18,224.55999755859375
2017-08-21,224.82000732421875
2017-08-22,227.07000732421875
2017-08-23,226.3000030517578
2017-08-24,225.83999633789062
2017-08-25,226.24000549316406
2017-08-28,226.35000610351562
2017-08-29,226.5800018310547
2017-08-30,227.67999267578125
2017-08-31,228.99000549316406
2017-09-01,229.47000122070312
2017-09-05,227.74000549316406
2017-09-06,228.4600067138672
2017-09-07,228.4600067138672
2017-09-08,228.13999938964844
2017-09-11,230.60000610351562
2017-09-12,231.38999938964844
2017-09-13,231.57000732421875
2017-09-14,231.38999938964844
2017-09-15,231.83999633789062
2017-09-18,232.19000244140625
2017-09-19,231.32000732421875
2017-09-20,231.4600067138672
2017-09-21,230.77000427246094
2017-09-22,230.9199981689453
2017-09-25,230.39999389648438
2017-09-26,230.44000244140625
2017-09-27,231.3800048828125
2017-09-28,231.6999969482422
2017-09-29,232.57000732421875
2017-10-02,233.47000122070312
2017-10-03,233.97999572753906
2017-10-04,234.2899932861328
2017-10-05,235.64999389648438
2017-10-06,235.47000122070312
2017-10-09,235.0399932861328
2017-10-10,235.58999633789062
2017-10-11,236.02000427246094
2017-10-12,235.63999938964844
2017-10-13,235.85000610351562
2017-10-16,236.27000427246094
2017-10-17,236.4199981689453
2017-10-18,236.61000061035156
2017-10-19,236.6999969482422
2017-10-20,237.92999267578125
2017-10-23,236.99000549316406
2017-10-24,237.3800048828125
2017-10-25,236.27000427246094
2017-10-26,236.57000732421875
2017-10-27,238.47999572753906
2017-10-30,237.72999572753906
2017-10-31,237.9600067138672
2017-11-01,238.33999633789062
2017-11-02,238.41000366210938
2017-11-03,239.1699981689453
2017-11-06,239.5
2017-11-07,239.4499969482422
2017-11-08,239.8000030517578
2017-11-09,238.9600067138672
2017-11-10,238.8300018310547
2017-11-13,239.05999755859375
2017-11-14,238.5500030517578
2017-11-15,237.27999877929688
2017-11-16,239.3000030517578
2017-11-17,238.67999267578125
2017-11-20,238.99000549316406
2017-11-21,240.55999755859375
2017-11-22,240.39999389648438
2017-11-24,240.91000366210938
2017-11-27,240.83999633789062
2017-11-28,243.22000122070312
2017-11-29,243.16000366210938
2017-11-30,245.24000549316406
2017-12-01,244.75
2017-12-04,244.5
2017-12-05,243.58999633789062
2017-12-06,243.57000732421875
2017-12-07,244.3300018310547
2017-12-08,245.6999969482422
2017-12-11,246.49000549316406
2017-12-12,246.8699951171875
2017-12-13,246.75999450683594
2017-12-14,245.8000030517578
2017-12-15,248.02000427246094
2017-12-18,249.36000061035156
2017-12-19,248.5500030517578
2017-12-20,248.3800048828125
2017-12-21,248.8699951171875
2017-12-22,247.6300048828125
2017-12-26,247.3800048828125
2017-12-27,247.58999633789062
2017-12-28,248.08999633789062
2017-12-29,246.82000732421875
2018-01-02,248.8800048828125
2018-01-03,250.47000122070312
2018-01-04,251.52999877929688
2018-01-05,253.3000030517578
2018-01-08,253.72000122070312
2018-01-09,254.1199951171875
2018-01-10,253.83999633789062
2018-01-11,255.64999389648438
2018-01-12,257.3699951171875
2018-01-16,256.4700012207031
2018-01-17,258.8800048828125
2018-01-18,258.4800109863281
2018-01-19,259.6199951171875
2018-01-22,261.7200012207031
2018-01-23,262.2900085449219
2018-01-24,262.1499938964844
2018-01-25,262.30999755859375
2018-01-26,265.4200134277344
2018-01-29,263.6400146484375
2018-01-30,260.7900085449219
2018-01-31,260.9200134277344
2018-02-01,260.79998779296875
2018-02-02,255.27999877929688
2018-02-05,244.8000030517578
2018-02-06,249.1199951171875
2018-02-07,247.8699951171875
2018-02-08,238.61000061035156
2018-02-09,242.25
2018-02-12,245.6199951171875
2018-02-13,246.27999877929688
2018-02-14,249.64999389648438
2018-02-15,252.72000122070312
2018-02-16,252.83999633789062
2018-02-20,251.3699951171875
2018-02-21,250.0
2018-02-22,250.25999450683594
2018-02-23,254.2899932861328
2018-02-26,257.29998779296875
2018-02-27,254.07000732421875
2018-02-28,251.27000427246094
2018-03-01,247.97000122070312
2018-03-02,249.24000549316406
2018-03-05,251.99000549316406
2018-03-06,252.6699981689453
2018-03-07,252.55999755859375
2018-03-08,253.75999450683594
2018-03-09,258.1700134277344
2018-03-12,257.8500061035156
2018-03-13,256.2200012207031
2018-03-14,254.82000732421875
2018-03-15,254.63999938964844
2018-03-16,255.0800018310547
2018-03-19,251.4499969482422
2018-03-20,251.8300018310547
2018-03-21,251.38999938964844
2018-03-22,245.07000732421875
2018-03-23,238.91000366210938
2018-03-26,245.38999938964844
2018-03-27,241.14999389648438
2018-03-28,240.49000549316406
2018-03-29,243.80999755859375
2018-04-02,238.36000061035156
2018-04-03,241.3800048828125
2018-04-04,244.19000244140625
2018-04-05,245.89999389648438
2018-04-06,240.50999450683594
2018-04-09,241.3800048828125
2018-04-10,245.4199981689453
2018-04-11,244.0800018310547
2018-04-12,246.1199951171875
2018-04-13,245.4199981689453
2018-04-16,247.41000366210938
2018-04-17,250.0500030517578
2018-04-18,250.25999450683594
2018-04-19,248.85000610351562
2018-04-20,246.74000549316406
2018-04-23,246.75
2018-04-24,243.4499969482422
2018-04-25,243.89999389648438
2018-04-26,246.4499969482422
2018-04-27,246.72999572753906
2018-04-30,244.72000122070312
2018-05-01,245.33999633789062
2018-05-02,243.57000732421875
2018-05-03,243.0500030517578
2018-05-04,246.2100067138672
2018-05-07,247.05999755859375
2018-05-08,247.0
2018-05-09,249.41000366210938
2018-05-10,251.80999755859375
2018-05-11,252.3300018310547
2018-05-14,252.55999755859375
2018-05-15,250.83999633789062
2018-05-16,251.92999267578125
2018-05-17,251.77999877929688
2018-05-18,251.13999938964844
2018-05-21,253.0
2018-05-22,252.2100067138672
2018-05-23,253.02999877929688
2018-05-24,252.52999877929688
2018-05-25,251.9600067138672
2018-05-29,249.05999755859375
2018-05-30,252.25999450683594
2018-05-31,250.5800018310547
2018-06-01,253.32000732421875
2018-06-04,254.4600067138672
2018-06-05,254.64999389648438
2018-06-06,256.8399963378906
2018-06-07,256.70001220703125
2018-06-08,257.510009765625
2018-06-11,257.7900085449219
2018-06-12,258.239990234375
2018-06-13,257.2099914550781
2018-06-14,257.92999267578125
2018-06-15,257.69000244140625
2018-06-18,257.1499938964844
2018-06-19,256.1199951171875
2018-06-20,256.55999755859375
2018-06-21,254.9499969482422
2018-06-22,255.44000244140625
2018-06-25,251.92999267578125
2018-06-26,252.47999572753906
2018-06-27,249.2100067138672
2018-06-28,250.77999877929688
2018-06-29,250.99000549316406
2018-07-02,251.75999450683594
2018-07-03,250.52000427246094
2018-07-05,252.74000549316406
2018-07-06,254.89999389648438
2018-07-09,257.2200012207031
2018-07-10,258.1199951171875
2018-07-11,256.2799987792969
2018-07-12,258.54998779296875
2018-07-13,258.8299865722656
2018-07-16,258.57000732421875
2018-07-17,259.6000061035156
2018-07-18,260.1600036621094
2018-07-19,259.1600036621094
2018-07-20,258.9200134277344
2018-07-23,259.3999938964844
2018-07-24,260.6499938964844
2018-07-25,263.0199890136719
2018-07-26,262.2300109863281
2018-07-27,260.5
2018-07-30,259.0199890136719
2018-07-31,260.29998779296875
2018-08-01,260.0199890136719
2018-08-02,261.3299865722656
2018-08-03,262.5799865722656
2018-08-06,263.5299987792969
2018-08-07,264.2799987792969
2018-08-08,264.2099914550781
2018-08-09,263.8999938964844
2018-08-10,262.1000061035156
2018-08-13,261.04998779296875
2018-08-14,262.739990234375
2018-08-15,260.7900085449219
2018-08-16,262.92999267578125
2018-08-17,263.8299865722656
2018-08-20,264.4700012207031
2018-08-21,265.0299987792969
2018-08-22,264.92999267578125
2018-08-23,264.5
2018-08-24,266.1400146484375
2018-08-27,268.2099914550781
2018-08-28,268.2799987792969
2018-08-29,269.8299865722656
2018-08-30,268.67999267578125
2018-08-31,268.75
2018-09-04,268.32000732421875
2018-09-05,267.57000732421875
2018-09-06,266.6700134277344
2018-09-07,266.1000061035156
2018-09-10,266.6000061035156
2018-09-11,267.6099853515625
2018-09-12,267.7099914550781
2018-09-13,269.19000244140625
2018-09-14,269.30999755859375
2018-09-17,267.80999755859375
2018-09-18,269.260009765625
2018-09-19,269.5899963378906
2018-09-20,271.7200012207031
2018-09-21,271.6199951171875
2018-09-24,270.6700134277344
2018-09-25,269.17999267578125
2018-09-26,268.2900085449219
2018-09-27,269.0799865722656
2018-09-28,269.0899963378906
2018-10-01,270.07000732421875
2018-10-02,269.9700012207031
2018-10-03,270.1600036621094
2018-10-04,268.010009765625
2018-10-05,266.5400085449219
2018-10-08,266.42999267578125
2018-10-09,266.1300048828125
2018-10-10,257.3800048828125
2018-10-11,252.08999633789062
2018-10-12,255.69000244140625
2018-10-15,254.19000244140625
2018-10-16,259.6600036621094
2018-10-17,259.6000061035156
2018-10-18,255.88999938964844
2018-10-19,255.8000030517578
2018-10-22,254.6999969482422
2018-10-23,253.30999755859375
2018-10-24,245.5
2018-10-25,250.05999755859375
2018-10-26,245.72999572753906
2018-10-29,244.1199951171875
2018-10-30,247.97000122070312
2018-10-31,250.66000366210938
2018-11-01,253.30999755859375
2018-11-02,251.74000549316406
2018-11-05,253.14999389648438
2018-11-06,254.75999450683594
2018-11-07,260.1600036621094
2018-11-08,259.6400146484375
2018-11-09,257.29998779296875
2018-11-12,252.22999572753906
2018-11-13,251.86000061035156
2018-11-14,250.02000427246094
2018-11-15,252.75
2018-11-16,253.3300018310547
2018-11-19,249.1199951171875
2018-11-20,244.61000061035156
2018-11-21,245.3699951171875
2018-11-23,243.77999877929688
2018-11-26,247.58999633789062
2018-11-27,248.39999389648438
2018-11-28,254.1199951171875
2018-11-29,253.6300048828125
2018-11-30,255.74000549316406
2018-12-03,258.5400085449219
2018-12-04,250.19000244140625
2018-12-06,249.8800048828125
2018-12-07,244.08999633789062
2018-12-10,244.52000427246094
2018-12-11,244.4499969482422
2018-12-12,245.77000427246094
2018-12-13,245.77000427246094
2018-12-14,239.8800048828125
2018-12-17,234.91000366210938
2018-12-18,234.94000244140625
2018-12-19,231.35000610351562
2018-12-20,227.7100067138672
2018-12-21,223.00999450683594
2018-12-24,216.97999572753906
2018-12-26,227.74000549316406
2018-12-27,229.7100067138672
2018-12-28,229.4600067138672
2018-12-31,231.44000244140625
2019-01-02,231.72999572753906
2019-01-03,226.0500030517578
2019-01-04,233.82000732421875
2019-01-07,235.4499969482422
2019-01-08,237.74000549316406
2019-01-09,238.7899932861328
2019-01-10,239.8699951171875
2019-01-11,239.8300018310547
2019-01-14,238.58999633789062
2019-01-15,241.16000366210938
2019-01-16,241.6999969482422
2019-01-17,243.55999755859375
2019-01-18,246.77000427246094
2019-01-22,243.2899932861328
2019-01-23,243.82000732421875
2019-01-24,244.16000366210938
2019-01-25,246.24000549316406
2019-01-28,244.30999755859375
2019-01-29,243.9600067138672
2019-01-30,247.77999877929688
2019-01-31,249.9600067138672
2019-02-01,250.2100067138672
2019-02-04,251.91000366210938
2019-02-05,253.10000610351562
2019-02-06,252.55999755859375
2019-02-07,250.22999572753906
2019-02-08,250.47999572753906
2019-02-11,250.66000366210938
2019-02-12,253.91000366210938
2019-02-13,254.69000244140625
2019-02-14,254.11000061035156
2019-02-15,256.8999938964844
2019-02-19,257.2900085449219
2019-02-20,257.79998779296875
2019-02-21,256.9100036621094
2019-02-22,258.55999755859375
2019-02-25,258.9200134277344
2019-02-26,258.7099914550781
2019-02-27,258.6099853515625
2019-02-28,257.9599914550781
2019-03-01,259.75
2019-03-04,258.739990234375
2019-03-05,258.4599914550781
2019-03-06,256.7799987792969
2019-03-07,254.75
2019-03-08,254.22999572753906
2019-03-11,257.9599914550781
2019-03-12,258.7300109863281
2019-03-13,260.55999755859375
2019-03-14,260.4100036621094
2019-03-15,261.7200012207031
2019-03-18,262.69000244140625
2019-03-19,262.6700134277344
2019-03-20,260.5199890136719
2019-03-21,263.3699951171875
2019-03-22,258.3800048828125
2019-03-25,258.19000244140625
2019-03-26,260.0400085449219
2019-03-27,258.8399963378906
2019-03-28,259.79998779296875
2019-03-29,261.55999755859375
2019-04-01,264.5899963378906
2019-04-02,264.6000061035156
2019-04-03,265.1700134277344
2019-04-04,265.7799987792969
2019-04-05,267.0199890136719
2019-04-08,267.29998779296875
2019-04-09,265.760009765625
2019-04-10,266.70001220703125
2019-04-11,266.7099914550781
2019-04-12,268.510009765625
2019-04-15,268.3399963378906
2019-04-16,268.4800109863281
2019-04-17,267.8900146484375
2019-04-18,268.32000732421875
2019-04-22,268.6000061035156
2019-04-23,270.989990234375
2019-04-24,270.3900146484375
2019-04-25,270.2900085449219
2019-04-26,271.55999755859375
2019-04-29,271.8599853515625
2019-04-30,272.1300048828125
2019-05-01,270.0899963378906
2019-05-02,269.5299987792969
2019-05-03,272.1499938964844
2019-05-06,270.95001220703125
2019-05-07,266.489990234375
2019-05-08,266.07000732421875
2019-05-09,265.3500061035156
2019-05-10,266.42999267578125
2019-05-13,260.010009765625
2019-05-14,262.1199951171875
2019-05-15,263.70001220703125
2019-05-16,266.1300048828125
2019-05-17,264.5899963378906
2019-05-20,262.80999755859375
2019-05-21,265.04998779296875
2019-05-22,264.29998779296875
2019-05-23,261.17999267578125
2019-05-24,261.57000732421875
2019-05-28,259.3800048828125
2019-05-29,257.5899963378906
2019-05-30,258.1700134277344
2019-05-31,254.80999755859375
2019-06-03,254.11000061035156
2019-06-04,259.55999755859375
2019-06-05,261.7099914550781
2019-06-06,263.3900146484375
2019-06-07,266.17999267578125
2019-06-10,267.4200134277344
2019-06-11,267.3299865722656
2019-06-12,266.7900085449219
2019-06-13,267.9599914550781
2019-06-14,267.57000732421875
2019-06-17,267.82000732421875
2019-06-18,270.42999267578125
2019-06-19,271.2300109863281
2019-06-20,273.8299865722656
2019-06-21,273.489990234375
2019-06-24,273.0199890136719
2019-06-25,270.42999267578125
2019-06-26,268.7799987792969
2019-06-27,269.8500061035156
2019-06-28,271.4100036621094
2019-07-01,273.5
2019-07-02,274.30999755859375
2019-07-03,276.4800109863281
2019-07-05,276.0
2019-07-08,274.6700134277344
2019-07-09,275.0899963378906
2019-07-10,276.3399963378906
2019-07-11,276.9700012207031
2019-07-12,278.2699890136719
2019-07-15,278.32000732421875
2019-07-16,277.3800048828125
2019-07-17,275.57000732421875
2019-07-18,276.5799865722656
2019-07-19,274.8800048828125
2019-07-22,275.6600036621094
2019-07-23,277.54998779296875
2019-07-24,278.8599853515625
2019-07-25,277.3999938964844
2019-07-26,279.45001220703125
2019-07-29,279.0
2019-07-30,278.29998779296875
2019-07-31,275.2799987792969
2019-08-01,272.8299865722656
2019-08-02,270.8599853515625
2019-08-05,262.79998779296875
2019-08-06,266.25
2019-08-07,266.4599914550781
2019-08-08,271.5400085449219
2019-08-09,269.7799987792969
2019-08-12,266.6000061035156
2019-08-13,270.54998779296875
2019-08-14,262.70001220703125
2019-08-15,263.3999938964844
2019-08-16,267.239990234375
2019-08-19,270.489990234375
2019-08-20,268.3699951171875
2019-08-21,270.5899963378906
2019-08-22,270.4599914550781
2019-08-23,263.44000244140625
2019-08-26,266.3699951171875
2019-08-27,265.510009765625
2019-08-28,267.260009765625
2019-08-29,270.69000244140625
2019-08-30,270.8999938964844
2019-09-03,269.04998779296875
2019-09-04,271.989990234375
2019-09-05,275.5899963378906
2019-09-06,275.8500061035156
2019-09-09,275.8399963378906
2019-09-10,275.94000244140625
2019-09-11,277.95001220703125
2019-09-12,278.7900085449219
2019-09-13,278.6600036621094
2019-09-16,277.7900085449219
2019-09-17,278.510009765625
2019-09-18,278.6099853515625
2019-09-19,278.6300048828125
2019-09-20,277.2799987792969
2019-09-23,277.25
2019-09-24,274.94000244140625
2019-09-25,275.3999938964844
2019-09-26,274.75
2019-09-27,273.32000732421875
2019-09-30,274.7099914550781
2019-10-01,271.3599853515625
2019-10-02,266.5
2019-10-03,268.69000244140625
2019-10-04,272.510009765625
2019-10-07,271.2900085449219
2019-10-08,267.07000732421875
2019-10-09,269.5799865722656
2019-10-10,271.32000732421875
2019-10-11,274.30999755859375
2019-10-14,273.92999267578125
2019-10-15,276.6600036621094
2019-10-16,276.1199951171875
2019-10-17,276.8999938964844
2019-10-18,275.82000732421875
2019-10-21,277.7200012207031
2019-10-22,276.739990234375
2019-10-23,277.5400085449219
2019-10-24,278.07000732421875
2019-10-25,279.2099914550781
2019-10-28,280.760009765625
2019-10-29,280.6700134277344
2019-10-30,281.4700012207031
2019-10-31,280.6300048828125
2019-11-01,283.3699951171875
2019-11-04,284.4200134277344
2019-11-05,284.0799865722656
2019-11-06,284.29998779296875
2019-11-07,285.2099914550781
2019-11-08,285.989990234375
2019-11-11,285.4200134277344
2019-11-12,285.8800048828125
2019-11-13,286.1000061035156
2019-11-14,286.4100036621094
2019-11-15,288.6600036621094
2019-11-18,288.80999755859375
2019-11-19,288.6499938964844
2019-11-20,287.6199951171875
2019-11-21,287.19000244140625
2019-11-22,287.82000732421875
2019-11-25,290.010009765625
2019-11-26,290.6499938964844
2019-11-27,291.8999938964844
2019-11-29,290.7900085449219
2019-12-02,288.2900085449219
2019-12-03,286.3800048828125
2019-12-04,288.2200012207031
2019-12-05,288.7300109863281
2019-12-06,291.3800048828125
2019-12-09,290.4800109863281
2019-12-10,290.17999267578125
2019-12-11,291.0199890136719
2019-12-12,293.55999755859375
2019-12-13,293.6300048828125
2019-12-16,295.7300109863281
2019-12-17,295.8299865722656
2019-12-18,295.7300109863281
2019-12-19,297.05999755859375
2019-12-20,297.17999267578125
2019-12-23,297.42999267578125
2019-12-24,297.3999938964844
2019-12-26,298.95001220703125
2019-12-27,298.9599914550781
2019-12-30,297.2699890136719
2019-12-31,298.1600036621094
2020-01-02,300.69000244140625
2020-01-03,298.6000061035156
2020-01-06,299.6499938964844
2020-01-07,298.8399963378906
2020-01-08,300.32000732421875
2020-01-09,302.3900146484375
2020-01-10,301.5299987792969
2020-01-13,303.6300048828125
2020-01-14,303.20001220703125
2020-01-15,303.7699890136719
2020-01-16,306.32000732421875
2020-01-17,307.510009765625
2020-01-21,306.70001220703125
2020-01-22,306.79998779296875
2020-01-23,307.1700134277344
2020-01-24,304.3999938964844
2020-01-27,299.6000061035156
2020-01-28,302.6199951171875
2020-01-29,302.3699951171875
2020-01-30,303.3599853515625
2020-01-31,298.010009765625
2020-02-03,300.1700134277344
2020-02-04,304.6700134277344
2020-02-05,308.1000061035156
2020-02-06,309.17999267578125
2020-02-07,307.57000732421875
2020-02-10,309.8699951171875
2020-02-11,310.3999938964844
2020-02-12,312.4100036621094
2020-02-13,312.010009765625
2020-02-14,312.6300048828125
2020-02-18,311.7300109863281
2020-02-19,313.25
2020-02-20,312.05999755859375
2020-02-21,308.7900085449219
2020-02-24,298.4700012207031
2020-02-25,289.44000244140625
2020-02-26,288.3399963378906
2020-02-27,275.6600036621094
2020-02-28,273.45001220703125
2020-03-02,286.0299987792969
2020-03-03,278.0
2020-03-04,289.739990234375
2020-03-05,279.9800109863281
2020-03-06,275.2099914550781
2020-03-09,253.22000122070312
2020-03-10,265.7300109863281
2020-03-11,252.77000427246094
2020-03-12,228.77999877929688
2020-03-13,250.10000610351562
2020-03-16,220.13999938964844
2020-03-17,233.3000030517578
2020-03-18,221.22999572753906
2020-03-19,222.27000427246094
2020-03-20,212.6699981689453
2020-03-23,206.44000244140625
2020-03-24,225.83999633789062
2020-03-25,228.4499969482422
2020-03-26,242.7100067138672
2020-03-27,234.5399932861328
2020-03-30,242.42999267578125
2020-03-31,238.57000732421875
2020-04-01,228.0399932861328
2020-04-02,233.2899932861328
2020-04-03,229.7899932861328
2020-04-06,245.94000244140625
2020-04-07,245.5500030517578
2020-04-08,253.97999572753906
2020-04-09,257.69000244140625
2020-04-13,255.08999633789062
2020-04-14,262.9200134277344
2020-04-15,257.1499938964844
2020-04-16,258.6400146484375
2020-04-17,265.5799865722656
2020-04-20,260.8299865722656
2020-04-21,252.83999633789062
2020-04-22,258.6400146484375
2020-04-23,258.510009765625
2020-04-24,262.1199951171875
2020-04-27,265.9800109863281
2020-04-28,264.5899963378906
2020-04-29,271.6300048828125
2020-04-30,269.1400146484375
2020-05-01,261.6099853515625
2020-05-04,262.7200012207031
2020-05-05,265.1000061035156
2020-05-06,263.260009765625
2020-05-07,266.3900146484375
2020-05-08,270.94000244140625
2020-05-11,270.9800109863281
2020-05-12,265.45001220703125
2020-05-13,260.8399963378906
2020-05-14,263.8999938964844
2020-05-15,264.9599914550781
2020-05-18,273.3399963378906
2020-05-19,270.5
2020-05-20,275.04998779296875
2020-05-21,272.92999267578125
2020-05-22,273.6199951171875
2020-05-26,276.989990234375
2020-05-27,281.1000061035156
2020-05-28,280.54998779296875
2020-05-29,281.94000244140625
2020-06-01,283.0
2020-06-02,285.3299865722656
2020-06-03,289.260009765625
2020-06-04,288.3399963378906
2020-06-05,295.8999938964844
2020-06-08,299.4700012207031
2020-06-09,297.1600036621094
2020-06-10,295.5799865722656
2020-06-11,278.19000244140625
2020-06-12,281.8999938964844
2020-06-15,284.260009765625
2020-06-16,289.6499938964844
2020-06-17,288.6099853515625
2020-06-18,288.7799987792969
2020-06-19,287.20001220703125
2020-06-22,289.07000732421875
2020-06-23,290.30999755859375
2020-06-24,282.80999755859375
2020-06-25,285.92999267578125
2020-06-26,277.6499938964844
2020-06-29,281.760009765625
2020-06-30,286.1199951171875
2020-07-01,287.55999755859375
2020-07-02,288.92999267578125
2020-07-06,293.5199890136719
2020-07-07,290.3399963378906
2020-07-08,292.6199951171875
2020-07-09,291.04998779296875
2020-07-10,294.0899963378906
2020-07-13,291.3399963378906
2020-07-14,295.2799987792969
2020-07-15,297.9700012207031
2020-07-16,296.9599914550781
2020-07-17,297.82000732421875
2020-07-20,300.32000732421875
2020-07-21,300.8299865722656
2020-07-22,302.55999755859375
2020-07-23,298.8599853515625
2020-07-24,297.010009765625
2020-07-27,299.2099914550781
2020-07-28,297.2699890136719
2020-07-29,300.9700012207031
2020-07-30,299.8999938964844
2020-07-31,302.2200012207031
2020-08-03,304.3999938964844
2020-08-04,305.5
2020-08-05,307.4599914550781
2020-08-06,309.4700012207031
2020-08-07,309.7300109863281
2020-08-10,310.5799865722656
2020-08-11,308.1099853515625
2020-08-12,312.4599914550781
2020-08-13,311.8999938964844
2020-08-14,311.8599853515625
2020-08-17,312.7200012207031
2020-08-18,313.4800109863281
2020-08-19,312.1499938964844
2020-08-20,313.1499938964844
2020-08-21,314.239990234375
2020-08-24,317.42999267578125
2020-08-25,318.5799865722656
2020-08-26,321.8299865722656
2020-08-27,322.3900146484375
2020-08-28,324.5899963378906
2020-08-31,324.5899963378906
2020-09-01,326.3500061035156
2020-09-02,331.3999938964844
2020-09-03,319.82000732421875
2020-09-04,317.2200012207031
2020-09-08,308.4200134277344
2020-09-09,314.6499938964844
2020-09-10,309.1300048828125
2020-09-11,309.30999755859375
2020-09-14,313.3399963378906
2020-09-15,314.989990234375
2020-09-16,313.5400085449219
2020-09-17,310.9100036621094
2020-09-18,307.42999267578125
2020-09-21,303.8900146484375
2020-09-22,307.0799865722656
2020-09-23,299.82000732421875
2020-09-24,300.7300109863281
2020-09-25,305.5400085449219
2020-09-28,309.2300109863281
2020-09-29,307.7799987792969
2020-09-30,310.3299865722656
2020-10-01,312.0
2020-10-02,309.0199890136719
2020-10-05,314.6000061035156
2020-10-06,310.2099914550781
2020-10-07,315.6099853515625
2020-10-08,318.239990234375
2020-10-09,321.0400085449219
2020-10-12,326.30999755859375
2020-10-13,324.25
2020-10-14,322.1300048828125
2020-10-15,321.6499938964844
2020-10-16,321.69000244140625
2020-10-19,316.44000244140625
2020-10-20,317.94000244140625
2020-10-21,317.25
2020-10-22,318.92999267578125
2020-10-23,320.0299987792969
2020-10-26,314.0799865722656
2020-10-27,313.1400146484375
2020-10-28,302.0799865722656
2020-10-29,305.7200012207031
2020-10-30,302.0400085449219
2020-11-02,305.760009765625
2020-11-03,311.2099914550781
2020-11-04,318.07000732421875
2020-11-05,324.32000732421875
2020-11-06,324.19000244140625
2020-11-09,328.0799865722656
2020-11-10,327.67999267578125
2020-11-11,330.17999267578125
2020-11-12,326.95001220703125
2020-11-13,331.42999267578125
2020-11-16,335.29998779296875
2020-11-17,333.739990234375
2020-11-18,329.94000244140625
2020-11-19,331.260009765625
2020-11-20,329.010009765625
2020-11-23,330.8999938964844
2020-11-24,336.25
2020-11-25,335.7300109863281
2020-11-27,336.55999755859375
2020-11-30,335.07000732421875
2020-12-01,338.8500061035156
2020-12-02,339.489990234375
2020-12-03,339.3399963378906
2020-12-04,342.3599853515625
2020-12-07,341.69000244140625
2020-12-08,342.6499938964844
2020-12-09,339.94000244140625
2020-12-10,339.5299987792969
2020-12-11,339.1099853515625
2020-12-14,337.69000244140625
2020-12-15,342.04998779296875
2020-12-16,342.6600036621094
2020-12-17,344.6499938964844
2020-12-18,343.4599914550781
2020-12-21,340.8399963378906
2020-12-22,340.1600036621094
2020-12-23,340.4100036621094
2020-12-24,341.6499938964844
2020-12-28,344.6300048828125
2020-12-29,343.8599853515625
2020-12-30,344.3599853515625
2020-12-31,346.6000061035156
2021-01-04,341.5
2021-01-05,343.9599914550781
2021-01-06,345.92999267578125
2021-01-07,351.1400146484375
2021-01-08,353.1099853515625
2021-01-11,350.7900085449219
2021-01-12,350.94000244140625
2021-01-13,351.739990234375
2021-01-14,350.4599914550781
2021-01-15,347.94000244140625
2021-01-19,350.7799987792969
2021-01-20,355.6700134277344
2021-01-21,355.80999755859375
2021-01-22,354.739990234375
2021-01-25,356.0199890136719
2021-01-26,355.489990234375
2021-01-27,346.3599853515625
2021-01-28,349.7699890136719
2021-01-29,343.05999755859375
2021-02-01,348.6600036621094
2021-02-02,353.510009765625
2021-02-03,353.79998779296875
2021-02-04,357.67999267578125
2021-02-05,359.1099853515625
2021-02-08,361.7699890136719
2021-02-09,361.42999267578125
2021-02-10,361.30999755859375
2021-02-11,361.9800109863281
2021-02-12,363.70001220703125
2021-02-16,363.5299987792969
2021-02-17,363.4700012207031
2021-02-18,361.8800048828125
2021-02-19,361.2300109863281
2021-02-22,358.4599914550781
2021-02-23,358.9200134277344
2021-02-24,363.0
2021-02-25,354.1600036621094
2021-02-26,352.5199890136719
2021-03-01,360.9100036621094
2021-03-02,357.989990234375
2021-03-03,353.3299865722656
2021-03-04,348.6499938964844
2021-03-05,355.4599914550781
2021-03-08,353.55999755859375
2021-03-09,358.5899963378906
2021-03-10,360.7699890136719
2021-03-11,364.54998779296875
2021-03-12,365.010009765625
2021-03-15,367.3900146484375
2021-03-16,366.82000732421875
2021-03-17,367.8800048828125
2021-03-18,362.4700012207031
2021-03-19,362.2900085449219
2021-03-22,364.8299865722656
2021-03-23,362.0400085449219
2021-03-24,360.0799865722656
2021-03-25,360.80999755859375
2021-03-26,366.82000732421875
2021-03-29,366.489990234375
2021-03-30,365.3699951171875
2021-03-31,366.7300109863281
2021-04-01,371.05999755859375
2021-04-05,376.4599914550781
2021-04-06,376.1099853515625
2021-04-07,376.6700134277344
2021-04-08,378.3500061035156
2021-04-09,381.2699890136719
2021-04-12,381.20001220703125
2021-04-13,382.45001220703125
2021-04-14,380.94000244140625
2021-04-15,385.1700134277344
2021-04-16,386.55999755859375
2021-04-19,384.5
2021-04-20,381.8999938964844
2021-04-21,385.45001220703125
2021-04-22,381.92999267578125
2021-04-23,386.1099853515625
2021-04-26,386.79998779296875
2021-04-27,386.7200012207031
2021-04-28,386.3900146484375
2021-04-29,389.0199890136719
2021-04-30,386.25
2021-05-03,387.30999755859375
2021-05-04,384.7200012207031
2021-05-05,384.989990234375
2021-05-06,388.20001220703125
2021-05-07,391.1199951171875
2021-05-10,387.04998779296875
2021-05-11,383.69000244140625
2021-05-12,375.510009765625
2021-05-13,380.1499938964844
2021-05-14,385.8500061035156
2021-05-17,384.8699951171875
2021-05-18,381.6300048828125
2021-05-19,380.55999755859375
2021-05-20,384.6099853515625
2021-05-21,384.32000732421875
2021-05-24,388.1700134277344
2021-05-25,387.3500061035156
2021-05-26,388.0799865722656
2021-05-27,388.55999755859375
2021-05-28,388.9100036621094
2021-06-01,388.7200012207031
2021-06-02,389.3299865722656
2021-06-03,387.9700012207031
2021-06-04,391.3999938964844
2021-06-07,391.1000061035156
2021-06-08,391.1700134277344
2021-06-09,390.4700012207031
2021-06-10,392.30999755859375
2021-06-11,393.0799865722656
2021-06-14,393.8800048828125
2021-06-15,393.1000061035156
2021-06-16,390.989990234375
2021-06-17,390.8299865722656
2021-06-18,385.7099914550781
2021-06-21,391.1300048828125
2021-06-22,393.1300048828125
2021-06-23,392.7099914550781
2021-06-24,395.0199890136719
2021-06-25,396.3399963378906
2021-06-28,396.0199890136719
2021-06-29,396.1600036621094
2021-06-30,396.70001220703125
2021-07-01,398.79998779296875
2021-07-02,401.8399963378906
2021-07-06,401.0400085449219
2021-07-07,402.3800048828125
2021-07-08,399.0199890136719
2021-07-09,403.5199890136719
2021-07-12,404.9100036621094
2021-07-13,403.4800109863281
2021-07-14,404.0
2021-07-15,402.69000244140625
2021-07-16,399.6499938964844
2021-07-19,393.30999755859375
2021-07-20,399.2900085449219
2021-07-21,402.57000732421875
2021-07-22,403.4100036621094
2021-07-23,407.5199890136719
2021-07-26,408.489990234375
2021-07-27,406.57000732421875
2021-07-28,406.489990234375
2021-07-29,408.25
2021-07-30,406.07000732421875
2021-08-02,405.32000732421875
2021-08-03,408.6400146484375
2021-08-04,406.75
2021-08-05,409.2200012207031
2021-08-06,409.95001220703125
2021-08-09,409.6000061035156
2021-08-10,410.0
2021-08-11,411.0299987792969
2021-08-12,412.3500061035156
2021-08-13,413.0299987792969
2021-08-16,414.1099853515625
2021-08-17,411.2200012207031
2021-08-18,406.8699951171875
2021-08-19,407.4100036621094
2021-08-20,410.739990234375
2021-08-23,414.2799987792969
2021-08-24,414.8999938964844
2021-08-25,415.82000732421875
2021-08-26,413.4100036621094
2021-08-27,417.07000732421875
2021-08-30,418.8800048828125
2021-08-31,418.3699951171875
2021-09-01,418.5199890136719
2021-09-02,419.7799987792969
2021-09-03,419.6499938964844
2021-09-07,418.2300109863281
2021-09-08,417.69000244140625
2021-09-09,415.79998779296875
2021-09-10,412.6099853515625
2021-09-13,413.5400085449219
2021-09-14,411.2699890136719
2021-09-15,414.760009765625
2021-09-16,414.1300048828125
2021-09-17,410.3599853515625
2021-09-20,403.3900146484375
2021-09-21,403.0799865722656
2021-09-22,406.9100036621094
2021-09-23,411.8599853515625
2021-09-24,412.4700012207031
2021-09-27,411.3299865722656
2021-09-28,401.7699890136719
2021-09-29,402.44000244140625
2021-09-30,397.6700134277344
2021-10-01,402.239990234375
2021-10-04,397.0400085449219
2021-10-05,401.260009765625
2021-10-06,402.9100036621094
2021-10-07,406.3399963378906
2021-10-08,405.57000732421875
2021-10-11,402.7799987792969
2021-10-12,401.79998779296875
2021-10-13,403.0199890136719
2021-10-14,409.94000244140625
2021-10-15,413.0
2021-10-18,414.3900146484375
2021-10-19,417.4599914550781
2021-10-20,418.989990234375
2021-10-21,420.2799987792969
2021-10-22,419.8299865722656
2021-10-25,421.82000732421875
2021-10-26,422.5899963378906
2021-10-27,420.4599914550781
2021-10-28,424.6099853515625
2021-10-29,425.4800109863281
2021-11-01,426.25
2021-11-02,427.82000732421875
2021-11-03,430.5799865722656
2021-11-04,432.44000244140625
2021-11-05,434.0899963378906
2021-11-08,434.4800109863281
2021-11-09,432.989990234375
2021-11-10,429.5199890136719
2021-11-11,429.75
2021-11-12,432.8999938964844
2021-11-15,432.9100036621094
2021-11-16,434.6000061035156
2021-11-17,433.54998779296875
2021-11-18,435.05999755859375
2021-11-19,434.4599914550781
2021-11-22,433.1000061035156
2021-11-23,433.8299865722656
2021-11-24,434.8399963378906
2021-11-26,424.9599914550781
2021-11-29,430.5899963378906
2021-11-30,422.489990234375
2021-12-01,417.5199890136719
2021-12-02,423.5199890136719
2021-12-03,419.9599914550781
2021-12-06,424.8900146484375
2021-12-07,433.69000244140625
2021-12-08,435.0400085449219
2021-12-09,431.9700012207031
2021-12-10,436.0899963378906
2021-12-13,432.1099853515625
2021-12-14,428.95001220703125
2021-12-15,435.9700012207031
2021-12-16,432.1700134277344
2021-12-17,427.75
2021-12-20,421.44000244140625
2021-12-21,428.9599914550781
2021-12-22,433.3699951171875
2021-12-23,436.07000732421875
2021-12-27,442.1199951171875
2021-12-28,441.6700134277344
2021-12-29,442.2900085449219
2021-12-30,441.0
2021-12-31,439.8699951171875
2022-01-03,442.6700134277344
2022-01-04,442.4100036621094
2022-01-05,433.8699951171875
2022-01-06,433.4800109863281
2022-01-07,431.79998779296875
2022-01-10,431.1700134277344
2022-01-11,435.1199951171875
2022-01-12,436.3500061035156
2022-01-13,430.17999267578125
2022-01-14,430.5400085449219
2022-01-18,422.6199951171875
2022-01-19,418.5299987792969
2022-01-20,413.95001220703125
2022-01-21,406.1199951171875
2022-01-24,407.239990234375
2022-01-25,402.2799987792969
2022-01-26,401.67999267578125
2022-01-27,399.5400085449219
2022-01-28,409.32000732421875
2022-01-31,417.04998779296875
2022-02-01,419.9100036621094
2022-02-02,423.8699951171875
2022-02-03,413.54998779296875
2022-02-04,415.75
2022-02-07,414.2200012207031
2022-02-08,417.70001220703125
2022-02-09,423.80999755859375
2022-02-10,416.19000244140625
2022-02-11,408.30999755859375
2022-02-14,406.7699890136719
2022-02-15,413.2300109863281
2022-02-16,413.6499938964844
2022-02-17,404.94000244140625
2022-02-18,402.0899963378906
2022-02-22,398.0199890136719
2022-02-23,390.69000244140625
2022-02-24,396.55999755859375
2022-02-25,405.4800109863281
2022-02-28,404.5299987792969
2022-03-01,398.2799987792969
2022-03-02,405.7099914550781
2022-03-03,403.6300048828125
2022-03-04,400.45001220703125
2022-03-07,388.6300048828125
2022-03-08,385.82000732421875
2022-03-09,395.79998779296875
2022-03-10,394.1300048828125
2022-03-11,389.0400085449219
2022-03-14,386.2300109863281
2022-03-15,394.510009765625
2022-03-16,403.3500061035156
2022-03-17,408.3500061035156
2022-03-18,413.1099853515625
2022-03-21,412.95001220703125
2022-03-22,417.6199951171875
2022-03-23,411.25
2022-03-24,417.19000244140625
2022-03-25,419.29998779296875
2022-03-28,422.2900085449219
2022-03-29,427.4700012207031
2022-03-30,424.82000732421875
2022-03-31,418.20001220703125
2022-04-01,419.6199951171875
2022-04-04,423.0199890136719
2022-04-05,417.7699890136719
2022-04-06,413.7200012207031
2022-04-07,415.5299987792969
2022-04-08,414.42999267578125
2022-04-11,407.42999267578125
2022-04-12,406.04998779296875
2022-04-13,410.6600036621094
2022-04-14,405.6700134277344
2022-04-18,405.5799865722656
2022-04-19,412.1000061035156
2022-04-20,411.8500061035156
2022-04-21,405.80999755859375
2022-04-22,394.54998779296875
2022-04-25,396.79998779296875
2022-04-26,385.6400146484375
2022-04-27,386.45001220703125
2022-04-28,396.0299987792969
2022-04-29,381.69000244140625
2022-05-02,383.8500061035156
2022-05-03,385.7099914550781
2022-05-04,397.2300109863281
2022-05-05,383.1099853515625
2022-05-06,380.989990234375
2022-05-09,368.80999755859375
2022-05-10,369.7099914550781
2022-05-11,363.6400146484375
2022-05-12,363.29998779296875
2022-05-13,372.010009765625
2022-05-16,370.55999755859375
2022-05-17,378.04998779296875
2022-05-18,362.8599853515625
2022-05-19,360.7799987792969
2022-05-20,360.8399963378906
2022-05-23,367.5799865722656
2022-05-24,364.6000061035156
2022-05-25,368.0400085449219
2022-05-26,375.3699951171875
2022-05-27,384.7300109863281
2022-05-31,382.3399963378906
2022-06-01,379.5199890136719
2022-06-02,386.5799865722656
2022-06-03,380.2799987792969
2022-06-06,381.4800109863281
2022-06-07,385.1199951171875
2022-06-08,380.9700012207031
2022-06-09,371.94000244140625
2022-06-10,361.1199951171875
2022-06-13,347.1199951171875
2022-06-14,345.92999267578125
2022-06-15,350.989990234375
2022-06-16,339.6099853515625
2022-06-17,340.3699951171875
2022-06-21,348.7099914550781
2022-06-22,348.260009765625
2022-06-23,351.6000061035156
2022-06-24,362.3500061035156
2022-06-27,361.2799987792969
2022-06-28,352.6700134277344
2022-06-29,352.45001220703125
2022-06-30,349.4200134277344
2022-07-01,353.1099853515625
2022-07-05,353.7300109863281
2022-07-06,355.0
2022-07-07,360.3500061035156
2022-07-08,360.0799865722656
2022-07-11,355.92999267578125
2022-07-12,352.6499938964844
2022-07-13,351.0799865722656
2022-07-14,350.07000732421875
2022-07-15,356.7900085449219
2022-07-18,353.80999755859375
2022-07-19,363.5899963378906
2022-07-20,365.739990234375
2022-07-21,369.3800048828125
2022-07-22,365.92999267578125
2022-07-25,366.4100036621094
2022-07-26,362.17999267578125
2022-07-27,371.6600036621094
2022-07-28,376.2099914550781
2022-07-29,381.6000061035156
2022-08-01,380.5199890136719
2022-08-02,377.9800109863281
2022-08-03,383.8999938964844
2022-08-04,383.6300048828125
2022-08-05,383.05999755859375
2022-08-08,382.5899963378906
2022-08-09,380.9800109863281
2022-08-10,389.1099853515625
2022-08-11,388.94000244140625
2022-08-12,395.7200012207031
2022-08-15,397.29998779296875
2022-08-16,398.07000732421875
2022-08-17,395.260009765625
2022-08-18,396.2099914550781
2022-08-19,391.1099853515625
2022-08-22,382.7799987792969
2022-08-23,381.9200134277344
2022-08-24,383.0400085449219
2022-08-25,388.45001220703125
2022-08-26,375.3699951171875
2022-08-29,372.8800048828125
2022-08-30,368.79998779296875
2022-08-31,365.989990234375
2022-09-01,367.1499938964844
2022-09-02,363.2300109863281
2022-09-06,361.760009765625
2022-09-07,368.3999938964844
2022-09-08,370.8800048828125
2022-09-09,376.5799865722656
2022-09-12,380.55999755859375
2022-09-13,364.1099853515625
2022-09-14,365.45001220703125
2022-09-15,361.3399963378906
2022-09-16,358.75
2022-09-19,361.2099914550781
2022-09-20,357.1400146484375
2022-09-21,351.04998779296875
2022-09-22,348.1000061035156
2022-09-23,342.1099853515625
2022-09-26,338.57000732421875
2022-09-27,336.5
2022-09-28,343.1300048828125
2022-09-29,335.92999267578125
2022-09-30,330.8900146484375
2022-10-03,339.45001220703125
2022-10-04,349.8599853515625
2022-10-05,349.17999267578125
2022-10-06,345.69000244140625
2022-10-07,336.0199890136719
2022-10-10,333.5
2022-10-11,331.3299865722656
2022-10-12,330.25
2022-10-13,338.8699951171875
2022-10-14,330.8599853515625
2022-10-17,339.6199951171875
2022-10-18,343.510009765625
2022-10-19,341.2099914550781
2022-10-20,338.5299987792969
2022-10-21,346.57000732421875
2022-10-24,350.69000244140625
2022-10-25,356.3900146484375
2022-10-26,353.760009765625
2022-10-27,351.6199951171875
2022-10-28,360.30999755859375
2022-10-31,357.6300048828125
2022-11-01,356.1700134277344
2022-11-02,347.260009765625
2022-11-03,343.6300048828125
2022-11-04,348.3800048828125
2022-11-07,351.7300109863281
2022-11-08,353.70001220703125
2022-11-09,346.42999267578125
2022-11-10,365.6499938964844
2022-11-11,369.0299987792969
2022-11-14,365.80999755859375
2022-11-15,369.0299987792969
2022-11-16,366.07000732421875
2022-11-17,365.010009765625
2022-11-18,366.760009765625
2022-11-21,365.3699951171875
2022-11-22,370.3399963378906
2022-11-23,372.54998779296875
2022-11-25,372.45001220703125
2022-11-28,366.70001220703125
2022-11-29,366.1400146484375
2022-11-30,377.57000732421875
2022-12-01,377.29998779296875
2022-12-02,376.8800048828125
2022-12-05,370.1400146484375
2022-12-06,364.82000732421875
2022-12-07,364.1499938964844
2022-12-08,366.94000244140625
2022-12-09,364.25
2022-12-12,369.45001220703125
2022-12-13,372.1600036621094
2022-12-14,369.9800109863281
2022-12-15,360.7799987792969
2022-12-16,356.7900085449219
2022-12-19,352.0
2022-12-20,352.3800048828125
2022-12-21,357.6600036621094
2022-12-22,352.489990234375
2022-12-23,354.57000732421875
2022-12-27,353.1600036621094
2022-12-28,348.9100036621094
2022-12-29,355.04998779296875
2022-12-30,354.1700134277344
2023-01-03,352.760009765625
2023-01-04,355.42999267578125
2023-01-05,351.3500061035156
2023-01-06,359.3800048828125
2023-01-09,359.1700134277344
2023-01-10,361.6700134277344
2023-01-11,366.3299865722656
2023-01-12,367.6199951171875
2023-01-13,369.1000061035156
2023-01-17,368.3500061035156
2023-01-18,362.6099853515625
2023-01-19,359.8900146484375
2023-01-20,366.70001220703125
2023-01-23,371.05999755859375
2023-01-24,370.79998779296875
2023-01-25,370.7300109863281
2023-01-26,374.8399963378906
2023-01-27,375.7799987792969
2023-01-30,370.94000244140625
2023-01-31,376.3699951171875
2023-02-01,380.30999755859375
2023-02-02,385.9200134277344
2023-02-03,381.94000244140625
2023-02-06,379.6099853515625
2023-02-07,384.510009765625
2023-02-08,380.260009765625
2023-02-09,376.95001220703125
2023-02-10,377.8599853515625
2023-02-13,382.239990234375
2023-02-14,382.17999267578125
2023-02-15,383.3299865722656
2023-02-16,378.0799865722656
2023-02-17,377.1000061035156
2023-02-21,369.5400085449219
2023-02-22,368.9599914550781
2023-02-23,370.9599914550781
2023-02-24,367.05999755859375
2023-02-27,368.2300109863281
2023-02-28,367.1499938964844
2023-03-01,365.44000244140625
2023-03-02,368.260009765625
2023-03-03,374.239990234375
2023-03-06,374.510009765625
2023-03-07,368.7699890136719
2023-03-08,369.3299865722656
2023-03-09,362.57000732421875
2023-03-10,357.2699890136719
2023-03-13,356.69000244140625
2023-03-14,362.7699890136719
2023-03-15,360.25
2023-03-16,366.6300048828125
2023-03-17,362.5899963378906
2023-03-20,365.8299865722656
2023-03-21,370.6000061035156
2023-03-22,364.5299987792969
2023-03-23,364.25
2023-03-24,366.30999755859375
2023-03-27,366.9100036621094
2023-03-28,366.3399963378906
2023-03-29,371.54998779296875
2023-03-30,373.7300109863281
2023-03-31,379.1300048828125
2023-04-03,380.5299987792969
2023-04-04,378.3599853515625
2023-04-05,377.4599914550781
2023-04-06,378.8900146484375
2023-04-10,379.2699890136719
2023-04-11,379.25
2023-04-12,377.69000244140625
2023-04-13,382.760009765625
2023-04-14,381.9700012207031
2023-04-17,383.2300109863281
2023-04-18,383.55999755859375
2023-04-19,383.5299987792969
2023-04-20,381.2799987792969
2023-04-21,381.6300048828125
2023-04-24,381.95001220703125
2023-04-25,375.92999267578125
2023-04-26,374.4800109863281
2023-04-27,381.82000732421875
2023-04-28,385.010009765625
2023-05-01,384.8500061035156
2023-05-02,380.3900146484375
2023-05-03,377.739990234375
2023-05-04,375.04998779296875
2023-05-05,382.0
2023-05-08,382.17999267578125
2023-05-09,380.45001220703125
2023-05-10,382.1700134277344
2023-05-11,381.6000061035156
2023-05-12,381.0799865722656
2023-05-15,382.25
2023-05-16,379.8299865722656
2023-05-17,384.4200134277344
2023-05-18,388.1199951171875
2023-05-19,387.57000732421875
2023-05-22,387.6700134277344
2023-05-23,383.3299865722656
2023-05-24,380.5299987792969
2023-05-25,383.8699951171875
2023-05-26,388.8999938964844
2023-05-30,388.92999267578125
2023-05-31,386.6300048828125
2023-06-01,390.510009765625
2023-06-02,396.2099914550781
2023-06-05,395.4200134277344
2023-06-06,396.3599853515625
2023-06-07,394.8599853515625
2023-06-08,397.3399963378906
2023-06-09,397.8500061035156
2023-06-12,401.510009765625
2023-06-13,404.30999755859375
2023-06-14,404.739990234375
2023-06-15,409.739990234375
2023-06-16,408.239990234375
2023-06-20,406.29998779296875
2023-06-21,404.20001220703125
2023-06-22,405.7300109863281
2023-06-23,402.6199951171875
2023-06-26,400.82000732421875
2023-06-27,405.4100036621094
2023-06-28,403.7900085449219
2023-06-29,405.6400146484375
2023-06-30,410.6300048828125
2023-07-03,411.1300048828125
2023-07-05,410.3699951171875
2023-07-06,407.1499938964844
2023-07-07,406.04998779296875
2023-07-10,407.0199890136719
2023-07-11,409.7699890136719
2023-07-12,412.82000732421875
2023-07-13,416.3500061035156
2023-07-14,415.94000244140625
2023-07-17,417.5400085449219
2023-07-18,420.510009765625
2023-07-19,421.510009765625
2023-07-20,418.70001220703125
2023-07-21,418.8299865722656
2023-07-24,420.5199890136719
2023-07-25,421.7099914550781
2023-07-26,421.6499938964844
2023-07-27,418.9700012207031
2023-07-28,423.1499938964844
2023-07-31,423.7799987792969
2023-08-01,422.6499938964844
2023-08-02,416.80999755859375
2023-08-03,415.760009765625
2023-08-04,413.5899963378906
2023-08-07,417.3299865722656
2023-08-08,415.57000732421875
2023-08-09,412.67999267578125
2023-08-10,412.8299865722656
2023-08-11,412.45001220703125
2023-08-14,414.8399963378906
2023-08-15,410.1099853515625
2023-08-16,407.07000732421875
2023-08-17,404.010009765625
2023-08-18,403.9800109863281
2023-08-21,406.760009765625
2023-08-22,405.6300048828125
2023-08-23,410.1199951171875
2023-08-24,404.6199951171875
2023-08-25,407.3900146484375
2023-08-28,409.94000244140625
2023-08-29,415.8999938964844
2023-08-30,417.55999755859375
2023-08-31,416.989990234375
2023-09-01,417.760009765625
2023-09-05,416.0199890136719
2023-09-06,413.1300048828125
2023-09-07,411.8599853515625
2023-09-08,412.4700012207031
2023-09-11,415.239990234375
2023-09-12,412.8900146484375
2023-09-13,413.3999938964844
2023-09-14,417.0
2023-09-15,411.95001220703125
2023-09-18,412.25
2023-09-19,411.3599853515625
2023-09-20,407.5199890136719
2023-09-21,400.8500061035156
2023-09-22,399.92999267578125
2023-09-25,401.5400085449219
2023-09-26,395.6499938964844
2023-09-27,394.3599853515625
2023-09-28,396.7300109863281
2023-09-29,395.6700134277344
2023-10-02,395.70001220703125
2023-10-03,390.2900085449219
2023-10-04,393.45001220703125
2023-10-05,393.010009765625
2023-10-06,397.7099914550781
2023-10-09,400.2200012207031
2023-10-10,402.30999755859375
2023-10-11,404.04998779296875
2023-10-12,401.57000732421875
2023-10-13,399.55999755859375
2023-10-16,403.79998779296875
2023-10-17,403.760009765625
2023-10-18,398.3500061035156
2023-10-19,395.0
2023-10-20,390.0400085449219
2023-10-23,389.3800048828125
2023-10-24,392.2099914550781
2023-10-25,386.5899963378906
2023-10-26,382.0199890136719
2023-10-27,380.19000244140625
2023-10-30,384.7900085449219
2023-10-31,387.29998779296875
2023-11-01,391.3699951171875
2023-11-02,398.7799987792969
2023-11-03,402.5400085449219
2023-11-06,403.25
2023-11-07,404.4100036621094
2023-11-08,404.8299865722656
2023-11-09,401.6300048828125
2023-11-10,407.9700012207031
2023-11-13,407.6499938964844
2023-11-14,415.510009765625
2023-11-15,416.239990234375
2023-11-16,416.8399963378906
2023-11-17,417.3800048828125
2023-11-20,420.5
2023-11-21,419.6600036621094
2023-11-22,421.3800048828125
2023-11-24,421.6400146484375
2023-11-27,420.82000732421875
2023-11-28,421.2300109863281
2023-11-29,420.8999938964844
2023-11-30,422.6199951171875
2023-12-01,425.1400146484375
2023-12-04,422.8399963378906
2023-12-05,422.6099853515625
2023-12-06,420.9700012207031
2023-12-07,424.3900146484375
2023-12-08,426.1400146484375
2023-12-11,427.80999755859375
2023-12-12,429.7900085449219
2023-12-13,435.6600036621094
2023-12-14,436.9200134277344
2023-12-15,436.8999938964844
2023-12-18,438.8800048828125
2023-12-19,439.7699890136719
2023-12-20,433.3699951171875
2023-12-21,437.8299865722656
2023-12-22,438.55999755859375
2023-12-26,440.4100036621094
2023-12-27,441.07000732421875
2023-12-28,441.2799987792969
2023-12-29,440.05999755859375
2024-01-02,437.57000732421875
2024-01-03,434.0799865722656
2024-01-04,432.6499938964844
2024-01-05,433.44000244140625
2024-01-08,439.55999755859375
2024-01-09,438.9700012207031
2024-01-10,441.4599914550781
2024-01-11,441.17999267578125
2024-01-12,441.5400085449219
2024-01-16,439.8999938964844
2024-01-17,437.42999267578125
2024-01-18,441.32000732421875
2024-01-19,446.7799987792969
2024-01-22,447.75
2024-01-23,449.07000732421875
2024-01-24,449.44000244140625
2024-01-25,451.82000732421875
2024-01-26,451.5299987792969
2024-01-29,454.94000244140625
2024-01-30,454.70001220703125
2024-01-31,447.3900146484375
2024-02-01,453.0
2024-02-02,457.8599853515625
2024-02-05,456.3999938964844
2024-02-06,457.4700012207031
2024-02-07,461.239990234375
2024-02-08,461.55999755859375
2024-02-09,464.260009765625
2024-02-12,463.82000732421875
2024-02-13,457.5299987792969
2024-02-14,462.0
2024-02-15,464.7900085449219
2024-02-16,462.6300048828125
2024-02-20,459.8599853515625
2024-02-21,460.4599914550781
2024-02-22,470.2099914550781
2024-02-23,470.3800048828125
2024-02-26,468.6099853515625
2024-02-27,468.6099853515625
2024-02-28,468.67999267578125
2024-02-29,471.2300109863281
2024-03-01,475.0299987792969
2024-03-04,474.4700012207031
2024-03-05,469.6499938964844
2024-03-06,472.0899963378906
2024-03-07,477.0199890136719
2024-03-08,473.94000244140625
2024-03-11,473.3999938964844
2024-03-12,478.7200012207031
2024-03-13,477.82000732421875
2024-03-14,476.55999755859375
2024-03-15,473.4800109863281
2024-03-18,476.4700012207031
2024-03-19,479.1600036621094
2024-03-20,483.489990234375
2024-03-21,485.07000732421875
2024-03-22,482.989990234375
2024-03-25,481.510009765625
2024-03-26,480.1600036621094
2024-03-27,484.3599853515625
2024-03-28,484.9100036621094
2024-04-01,483.92999267578125
2024-04-02,480.44000244140625
2024-04-03,480.989990234375
2024-04-04,475.1099853515625
2024-04-05,480.3800048828125
2024-04-08,480.2099914550781
2024-04-09,480.9700012207031
2024-04-10,476.42999267578125
2024-04-11,479.9800109863281
2024-04-12,473.04998779296875
2024-04-15,467.3699951171875
2024-04-16,466.3999938964844
2024-04-17,463.7099914550781
2024-04-18,462.7099914550781
2024-04-19,458.67999267578125
2024-04-22,462.67999267578125
2024-04-23,468.2200012207031
2024-04-24,468.32000732421875
2024-04-25,466.17999267578125
2024-04-26,470.95001220703125
2024-04-29,472.4599914550781
2024-04-30,465.04998779296875
2024-05-01,463.45001220703125
2024-05-02,467.69000244140625
2024-05-03,473.5799865722656
2024-05-06,478.4800109863281
2024-05-07,479.1499938964844
2024-05-08,479.1400146484375
2024-05-09,481.6700134277344
2024-05-10,482.5400085449219
2024-05-13,482.42999267578125
2024-05-14,484.8299865722656
2024-05-15,490.6000061035156
2024-05-16,489.67999267578125
2024-05-17,490.2699890136719
2024-05-20,490.75
2024-05-21,491.989990234375
2024-05-22,490.6600036621094
2024-05-23,487.05999755859375
2024-05-24,490.4800109863281
2024-05-28,490.5899963378906
2024-05-29,486.9800109863281
2024-05-30,484.1199951171875
2024-05-31,488.04998779296875
2024-06-03,488.6499938964844
2024-06-04,489.3999938964844
2024-06-05,495.2099914550781
2024-06-06,495.1099853515625
2024-06-07,494.6499938964844
2024-06-10,495.9599914550781
2024-06-11,497.30999755859375
2024-06-12,501.54998779296875
2024-06-13,502.7300109863281
2024-06-14,502.6499938964844
2024-06-17,506.55999755859375
2024-06-18,507.8500061035156
2024-06-20,506.57000732421875
2024-06-21,505.79998779296875
2024-06-24,504.2799987792969
2024-06-25,506.260009765625
2024-06-26,507.04998779296875
2024-06-27,507.5199890136719
2024-06-28,503.8500061035156
2024-07-01,505.2099914550781
2024-07-02,508.3399963378906
2024-07-03,510.94000244140625
2024-07-05,513.7999877929688
2024-07-08,514.3300170898438
2024-07-09,514.719970703125
2024-07-10,520.0399780273438
2024-07-11,515.5
2024-07-12,518.3400268554688
2024-07-15,519.8499755859375
2024-07-16,523.1699829101562
2024-07-17,515.8900146484375
2024-07-18,511.8599853515625
2024-07-19,508.2300109863281
2024-07-22,513.72998046875
2024-07-23,512.9299926757812
2024-07-24,501.05999755859375
2024-07-25,498.489990234375
2024-07-26,504.04998779296875
2024-07-29,504.4599914550781
2024-07-30,501.9599914550781
2024-07-31,509.9200134277344
2024-08-01,502.9599914550781
2024-08-02,493.7200012207031
2024-08-05,478.94000244140625
2024-08-06,483.8999938964844
2024-08-07,480.1700134277344
2024-08-08,491.239990234375
2024-08-09,493.5899963378906
2024-08-12,493.6700134277344
2024-08-13,501.989990234375
2024-08-14,503.92999267578125
2024-08-15,512.2000122070312
2024-08-16,513.2899780273438
2024-08-19,518.3300170898438
2024-08-20,517.3200073242188
2024-08-21,519.530029296875
2024-08-22,514.9000244140625
2024-08-23,520.8099975585938
2024-08-26,519.1799926757812
2024-08-27,520.0499877929688
2024-08-28,516.9400024414062
2024-08-29,516.9400024414062
2024-08-30,522.22998046875
2024-09-03,511.2300109863281
2024-09-04,510.42999267578125
2024-09-05,508.8999938964844
2024-09-06,500.17999267578125
2024-09-09,506.0199890136719
2024-09-10,508.29998779296875
2024-09-11,513.719970703125
2024-09-12,517.5800170898438
2024-09-13,520.4600219726562
2024-09-16,521.2100219726562
2024-09-17,521.3599853515625
2024-09-18,519.8599853515625
2024-09-19,528.7100219726562
2024-09-20,527.6900024414062
2024-09-23,529.1699829101562
2024-09-24,530.5
2024-09-25,529.510009765625
2024-09-26,531.6799926757812
2024-09-27,529.52001953125
2024-09-30,531.7999877929688
2024-10-01,526.8599853515625
2024-10-02,526.9600219726562
2024-10-03,526.0700073242188
2024-10-04,530.9000244140625
2024-10-07,525.8099975585938
2024-10-08,530.9099731445312
2024-10-09,534.7000122070312
2024-10-10,533.6699829101562
2024-10-11,536.9000244140625
2024-10-14,541.030029296875
2024-10-15,536.9600219726562
2024-10-16,539.47998046875
2024-10-17,539.3900146484375
2024-10-18,541.5599975585938
2024-10-21,540.5900268554688
2024-10-22,540.3300170898438
2024-10-23,535.3699951171875
2024-10-24,536.52001953125
2024-10-25,536.3599853515625
2024-10-28,537.780029296875
2024-10-29,538.6500244140625
2024-10-30,536.8800048828125
2024-10-31,526.9299926757812
2024-11-01,529.0999755859375
2024-11-04,527.6300048828125
2024-11-05,534.1099853515625
2024-11-06,547.6199951171875
2024-11-07,551.7000122070312
2024-11-08,553.8900146484375
2024-11-11,554.4199829101562
2024-11-12,552.8499755859375
2024-11-13,553.0
2024-11-14,549.719970703125
2024-11-15,542.530029296875
2024-11-18,544.72998046875
2024-11-19,546.8900146484375
2024-11-20,546.9199829101562
2024-11-21,549.9199829101562
2024-11-22,551.8499755859375
2024-11-25,553.52001953125
2024-11-26,556.719970703125
2024-11-27,554.6300048828125
2024-11-29,557.7899780273438
2024-12-02,559.219970703125
2024-12-03,559.47998046875
2024-12-04,562.8699951171875
2024-12-05,561.8499755859375
2024-12-06,563.3200073242188
2024-12-09,559.9299926757812
2024-12-10,558.27001953125
2024-12-11,562.8400268554688
2024-12-12,559.7899780273438
2024-12-13,559.8400268554688
2024-12-16,562.0399780273438
2024-12-17,559.8800048828125
2024-12-18,543.3699951171875
2024-12-19,542.9000244140625
2024-12-20,548.8300170898438
2024-12-23,551.239990234375
2024-12-24,557.3200073242188
2024-12-26,557.1400146484375
2024-12-27,551.02001953125
2024-12-30,545.1300048828125
2024-12-31,542.8400268554688
2025-01-02,541.6400146484375
2025-01-03,548.510009765625
2025-01-06,551.5800170898438
2025-01-07,545.4600219726562
2025-01-08,546.3200073242188
2025-01-10,538.0
2025-01-13,538.8400268554688
2025-01-14,539.4600219726562
2025-01-15,549.3900146484375
2025-01-16,548.239990234375
2025-01-17,553.72998046875
2025-01-21,558.5900268554688
2025-01-22,562.030029296875
2025-01-23,565.02001953125
2025-01-24,563.4600219726562
2025-01-27,555.239990234375
2025-01-28,560.3599853515625
2025-01-29,557.72998046875
2025-01-30,560.6799926757812
2025-01-31,557.8900146484375
2025-02-03,553.6699829101562
2025-02-04,557.6699829101562
2025-02-05,559.8699951171875
2025-02-06,561.9099731445312
2025-02-07,556.6099853515625
2025-02-10,560.4199829101562
2025-02-11,560.6199951171875
2025-02-12,559.1500244140625
2025-02-13,564.989990234375
2025-02-14,565.0700073242188
2025-02-18,566.530029296875
2025-02-19,567.8900146484375
2025-02-20,565.5
2025-02-21,555.8699951171875
2025-02-24,553.1199951171875
2025-02-25,550.5399780273438
2025-02-26,550.6199951171875
2025-02-27,541.8900146484375
2025-02-28,550.5499877929688
2025-03-03,540.9000244140625
2025-03-04,534.2999877929688
2025-03-05,540.27001953125
2025-03-06,530.6599731445312
2025-03-07,533.6599731445312
2025-03-10,519.3599853515625
2025-03-11,515.4299926757812
2025-03-12,517.9600219726562
2025-03-13,510.79998779296875
2025-03-14,521.77001953125
2025-03-17,525.1500244140625
2025-03-18,519.5700073242188
2025-03-19,525.1799926757812
2025-03-20,524.0999755859375
2025-03-21,524.5399780273438
2025-03-24,533.7999877929688
2025-03-25,534.6599731445312
2025-03-26,528.6900024414062
2025-03-27,525.280029296875
2025-03-28,514.9299926757812
2025-03-31,517.8200073242188
2025-04-01,519.7899780273438
2025-04-02,523.2999877929688
2025-04-03,498.0
2025-04-04,468.30999755859375
2025-04-07,467.2200012207031
2025-04-08,459.8800048828125
2025-04-09,503.6499938964844
2025-04-10,486.29998779296875
2025-04-11,495.1099853515625
2025-04-14,499.0400085449219
2025-04-15,498.2300109863281
2025-04-16,487.07000732421875
2025-04-17,487.7200012207031
2025-04-21,476.260009765625
2025-04-22,488.2300109863281
2025-04-23,496.3800048828125
2025-04-24,506.42999267578125
2025-04-25,510.1700134277344
2025-04-28,510.5
2025-04-29,513.4600219726562
2025-04-30,514.260009765625
2025-05-01,517.5
2025-05-02,525.1400146484375
2025-05-05,521.8099975585938
2025-05-06,517.7999877929688
2025-05-07,517.7999877929688
2025-05-08,523.0599975585938
2025-05-09,522.780029296875
2025-05-12,539.8599853515625
2025-05-13,543.780029296875
2025-05-14,544.3599853515625
2025-05-15,546.75
2025-05-16,550.6500244140625
2025-05-19,551.2100219726562
2025-05-20,549.0800170898438
2025-05-21,540.22998046875
2025-05-22,540.0
2025-05-23,536.4099731445312
2025-05-27,547.4199829101562
2025-05-28,544.3699951171875
2025-05-29,546.5599975585938
2025-05-30,546.5599975585938
2025-06-02,548.8699951171875
2025-06-03,552.0599975585938
2025-06-04,552.1199951171875
2025-06-05,549.25
2025-06-06,554.9600219726562
2025-06-09,555.510009765625
2025-06-10,558.5700073242188
2025-06-11,557.0399780273438
2025-06-12,559.1799926757812
2025-06-13,552.9500122070312
2025-06-16,558.22998046875
2025-06-17,553.5800170898438
2025-06-18,553.4299926757812
2025-06-20,552.25
2025-06-23,557.5599975585938
2025-06-24,557.5599975585938
2025-06-25,563.77001953125
2025-06-26,568.2999877929688
2025-06-27,571.2999877929688
2025-06-30,572.6900024414062
2025-07-01,572.0599975585938
2025-07-02,574.7899780273438
2025-07-03,579.6699829101562
2025-07-07,575.1099853515625
2025-07-08,574.7000122070312
2025-07-09,578.1900024414062
2025-07-10,579.8599853515625
2025-07-11,577.9400024414062
2025-07-14,578.75
2025-07-15,576.510009765625
2025-07-16,578.3499755859375
2025-07-17,581.4500122070312
2025-07-18,581.4299926757812
2025-07-21,582.25
2025-07-22,582.6300048828125
2025-07-23,587.1900024414062
2025-07-24,587.5999755859375
2025-07-25,589.9600219726562
2025-07-28,590.0599975585938
2025-07-29,588.3099975585938
2025-07-30,587.5800170898438
2025-07-31,585.4500122070312
2025-08-01,576.1099853515625
2025-08-04,584.6199951171875
2025-08-05,581.780029296875
2025-08-06,586.02001953125
2025-08-07,585.5700073242188
2025-08-08,590.1900024414062
2025-08-11,588.760009765625
2025-08-12,595.4600219726562
2025-08-13,597.4000244140625
2025-08-14,597.5999755859375
2025-08-15,596.0
2025-08-18,595.97998046875
2025-08-19,592.530029296875
2025-08-20,591.0999755859375
2025-08-21,588.8099975585938
2025-08-22,597.780029296875
2025-08-25,595.22998046875
2025-08-26,597.72998046875
2025-08-27,599.1599731445312
2025-08-28,601.0599975585938
2025-08-29,597.260009765625
2025-09-02,593.239990234375
2025-09-03,596.27001953125
2025-09-04,601.2999877929688
2025-09-05,599.47998046875
2025-09-08,600.77001953125
2025-09-09,602.4000244140625
2025-09-10,604.2100219726562
2025-09-11,609.3400268554688
2025-09-12,609.0700073242188
2025-09-15,612.0700073242188
2025-09-16,611.2999877929688
2025-09-17,610.7100219726562
2025-09-18,613.6500244140625
2025-09-19,616.6400146484375
2025-09-22,619.4000244140625
2025-09-23,615.989990234375
2025-09-24,614.239990234375
2025-09-25,611.1699829101562
2025-09-26,614.7899780273438
2025-09-29,614.8200073242188
2025-09-30,617.3900146484375
2025-10-01,619.52001953125
2025-10-02,619.9099731445312
2025-10-03,620.010009765625
2025-10-06,622.3099975585938
2025-10-07,619.9400024414062
2025-10-08,623.5499877929688
2025-10-09,621.8499755859375
2025-10-10,605.0700073242188
2025-10-13,614.5
2025-10-14,613.5499877929688
2025-10-15,616.0599975585938
2025-10-16,612.1799926757812
2025-10-17,615.4199829101562
2025-10-20,621.989990234375
2025-10-21,622.010009765625
2025-10-22,618.7000122070312
2025-10-23,622.3099975585938
2025-10-24,627.25
2025-10-27,634.9600219726562
2025-10-28,636.4099731445312
2025-10-29,636.3800048828125
2025-10-30,630.0800170898438
2025-10-31,631.77001953125
2025-11-03,632.8900146484375
2025-11-04,625.469970703125
2025-11-05,627.75
2025-11-06,620.739990234375
2025-11-07,621.5800170898438
2025-11-10,631.22998046875
2025-11-11,632.5399780273438
2025-11-12,632.9600219726562
2025-11-13,622.489990234375
2025-11-14,622.3099975585938
2025-11-17,616.6599731445312
2025-11-18,611.6099853515625
2025-11-19,613.9299926757812
2025-11-20,604.4500122070312
2025-11-21,610.4400024414062
2025-11-24,619.8800048828125
2025-11-25,625.530029296875
2025-11-26,629.8599853515625
2025-11-28,633.25
2025-12-01,629.9500122070312
2025-12-02,631.510009765625
2025-12-03,633.4099731445312
2025-12-04,634.1400146484375
2025-12-05,635.4600219726562
2025-12-08,633.2999877929688
2025-12-09,632.75
2025-12-10,637.030029296875
2025-12-11,638.3599853515625
2025-12-12,631.5900268554688
2025-12-15,630.6799926757812
2025-12-16,629.2000122070312
2025-12-17,621.9199829101562
2025-12-18,626.8599853515625
2025-12-19,632.3900146484375
2025-12-22,634.8800048828125
2025-12-23,637.77001953125
2025-12-24,639.8200073242188
2025-12-26,639.6799926757812
2025-12-29,637.4600219726562
2025-12-30,636.5800170898438
2025-12-31,631.9400024414062
2026-01-02,633.280029296875
2026-01-05,637.2999877929688
2026-01-06,641.2999877929688
2026-01-07,639.0900268554688
2026-01-08,639.1400146484375
2026-01-09,643.2999877929688
2026-01-12,644.3599853515625
2026-01-13,643.1199951171875
2026-01-14,639.7000122070312
2026-01-15,641.3699951171875
2026-01-16,641.0
2026-01-20,627.7899780273438
2026-01-21,635.0700073242188
2026-01-22,638.5599975585938
2026-01-23,638.8300170898438
2026-01-26,642.02001953125
2026-01-27,644.6400146484375
2026-01-28,644.5900268554688
2026-01-29,643.760009765625
2026-01-30,641.030029296875
2026-02-02,644.510009765625
2026-02-03,639.0900268554688
2026-02-04,635.8499755859375
2026-02-05,628.0700073242188
2026-02-06,640.4600219726562
2026-02-09,643.52001953125
2026-02-10,641.4199829101562
2026-02-11,641.4099731445312
2026-02-12,631.4099731445312
2026-02-13,631.8200073242188
2026-02-17,632.5399780273438
2026-02-18,636.0900268554688
2026-02-19,634.3800048828125
2026-02-20,638.7999877929688
2026-02-23,632.1799926757812
2026-02-24,637.0499877929688
2026-02-25,642.25
2026-02-26,638.8099975585938
2026-02-27,636.0900268554688
2026-03-02,636.3900146484375
2026-03-03,630.4000244140625
2026-03-04,635.2999877929688
2026-03-05,631.72998046875
2026-03-06,623.4299926757812
2026-03-09,628.6599731445312
2026-03-10,627.3800048828125
2026-03-11,626.8800048828125
2026-03-12,617.3599853515625
2026-03-13,613.6900024414062
2026-03-16,619.969970703125
2026-03-17,621.530029296875
2026-03-18,613.0800170898438
2026-03-19,611.4199829101562
2026-03-20,602.1799926757812
2026-03-23,609.1099853515625
2026-03-24,606.8300170898438
2026-03-25,610.1400146484375
2026-03-26,599.52001953125
2026-03-27,587.8099975585938
2026-03-30,585.489990234375
2026-03-31,602.5999755859375
2026-04-01,606.9400024414062
2026-04-02,607.6599731445312
2026-04-06,610.3900146484375
2026-04-07,610.8599853515625
2026-04-08,626.1799926757812
2026-04-09,630.0800170898438
2026-04-10,629.4199829101562
2026-04-13,635.8200073242188
2026-04-14,643.3300170898438
2026-04-15,648.5
2026-04-16,650.2000122070312
2026-04-17,658.030029296875
2026-04-20,656.47998046875
2026-04-21,652.3099975585938
2026-04-22,659.1400146484375
2026-04-23,656.4199829101562
2026-04-24,661.6799926757812
2026-04-27,662.489990234375
2026-04-28,659.25
2026-04-29,658.989990234375
2026-04-30,665.760009765625
2026-05-01,667.719970703125
2026-05-04,665.0399780273438
2026-05-05,670.4500122070312
2026-05-06,680.22998046875
2026-05-07,677.6500244140625
2026-05-08,683.4600219726562
2026-05-11,684.7899780273438
2026-05-12,683.719970703125
2026-05-13,687.739990234375
2026-05-14,693.02001953125
2026-05-15,684.5800170898438
2026-05-18,684.1099853515625
2026-05-19,679.5800170898438
2026-05-20,686.9299926757812
2026-05-21,688.1900024414062
2026-05-22,690.7899780273438
2026-05-26,695.0399780273438
2026-05-27,695.1599731445312
2026-05-28,699.1599731445312
2026-05-29,700.719970703125
2026-06-01,702.6099853515625
2026-06-02,703.530029296875
2026-06-03,698.3499755859375
2026-06-04,701.3099975585938
2026-06-05,682.8599853515625
2026-06-08,684.9099731445312
2026-06-09,683.1699829101562
2026-06-10,672.1199951171875
2026-06-11,683.9000244140625
2026-06-12,687.3699951171875
2026-06-15,698.8800048828125
2026-06-16,694.9299926757812
2026-06-17,686.489990234375
2026-06-18,693.9400024414062
2026-06-22,691.4000244140625
2026-06-23,681.469970703125
2026-06-24,680.7999877929688
2026-06-25,680.760009765625
2026-06-26,678.6599731445312
2026-06-29,686.6400146484375
2026-06-30,692.1400146484375
2026-07-01,690.6699829101562
2026-07-02,690.7000122070312
2026-07-06,695.760009765625
2026-07-07,692.6599731445312
2026-07-08,690.7100219726562
2026-07-09,696.3499755859375
2026-07-10,699.3499755859375
2026-07-13,693.7999877929688
2026-07-14,696.4099731445312
2026-07-15,699.1099853515625
2026-07-16,695.5399780273438
2026-07-17,688.52001953125
2026-07-20,687.2100219726562
2026-07-21,693.2999877929688
2026-07-22,692.3599853515625
2026-07-23,684.0
2026-07-24,684.4000244140625
2026-07-27,684.5
2026-07-28,685.9500122070312
2026-07-29,675.5399780273438
2026-07-30,686.760009765625
2026-07-31,691.6099853515625
2026-08-03,701.8800048828125
2026-08-04,714.4400024414062
2026-08-05,713.239990234375
2026-08-06,711.97998046875
2026-08-07,716.4199829101562
2026-08-10,716.0599975585938
2026-08-11,713.780029296875
2026-08-12,715.6799926757812
2026-08-13,720.3499755859375
2026-08-14,719.219970703125
2026-08-17,715.5399780273438
2026-08-18,710.6199951171875
2026-08-19,712.1799926757812
2026-08-20,706.0900268554688
2026-08-21,709.1900024414062
